,MinTemp,MaxTemp,WindGustSpeed,WindSpeed9am,WindSpeed3pm,RainTomorrow
0,17.9,35.2,48.0,6.0,20.0,0
1,18.4,28.9,37.0,19.0,19.0,0
2,19.4,37.6,46.0,30.0,15.0,0
3,21.9,38.4,31.0,6.0,6.0,0
4,24.2,41.0,35.0,17.0,13.0,0
5,27.1,36.1,43.0,7.0,20.0,0
6,23.3,34.0,41.0,17.0,19.0,0
7,16.1,34.2,37.0,15.0,6.0,0
8,19.0,35.5,48.0,30.0,9.0,0
9,19.7,35.5,41.0,15.0,17.0,0
10,20.9,37.8,30.0,11.0,7.0,0
11,23.9,39.1,39.0,24.0,9.0,0
12,24.9,41.2,43.0,17.0,11.0,0
13,25.2,40.5,44.0,13.0,22.0,0
14,21.6,34.2,44.0,17.0,19.0,0
15,18.4,31.8,33.0,17.0,15.0,0
16,17.9,34.2,61.0,22.0,17.0,0
17,21.4,37.5,43.0,26.0,9.0,1
18,23.3,39.4,59.0,19.0,17.0,0
19,25.4,33.5,46.0,9.0,28.0,0
20,21.8,30.7,56.0,24.0,19.0,1
21,20.3,36.0,94.0,13.0,7.0,1
22,22.1,34.7,50.0,11.0,15.0,0
23,19.7,37.3,28.0,13.0,6.0,0
24,23.8,39.9,31.0,17.0,7.0,0
25,27.0,38.7,46.0,24.0,7.0,0
26,26.2,38.5,39.0,15.0,19.0,0
27,25.0,39.5,52.0,19.0,20.0,0
28,25.1,39.3,44.0,20.0,20.0,0
29,25.2,38.5,44.0,24.0,20.0,0
30,24.8,40.8,30.0,9.0,9.0,0
31,27.6,40.3,57.0,17.0,9.0,0
32,23.6,40.4,54.0,9.0,11.0,1
33,24.1,41.4,39.0,17.0,7.0,0
34,27.2,43.4,37.0,15.0,7.0,0
35,29.1,43.5,28.0,9.0,13.0,0
36,28.9,41.4,41.0,20.0,19.0,0
37,25.1,42.0,39.0,15.0,13.0,0
38,25.4,36.6,43.0,19.0,13.0,0
39,19.3,28.1,46.0,19.0,24.0,0
40,14.1,25.9,44.0,22.0,24.0,0
41,14.5,30.1,37.0,9.0,13.0,0
42,16.8,23.3,63.0,35.0,35.0,1
43,16.1,19.1,54.0,28.0,19.0,1
44,16.0,24.2,43.0,13.0,24.0,0
45,17.4,19.7,48.0,19.0,20.0,1
46,15.9,20.8,44.0,15.0,19.0,1
47,16.5,27.4,30.0,19.0,15.0,0
48,16.8,30.6,26.0,6.0,13.0,0
49,20.4,34.0,31.0,9.0,4.0,0
50,19.9,31.7,31.0,13.0,11.0,0
51,17.2,34.3,39.0,15.0,9.0,0
52,21.9,35.1,43.0,22.0,24.0,1
53,21.0,34.7,46.0,15.0,22.0,0
54,18.7,33.1,31.0,11.0,9.0,0
55,17.9,33.8,24.0,13.0,7.0,0
56,19.9,33.5,39.0,26.0,7.0,0
57,22.2,36.9,41.0,17.0,19.0,0
58,16.9,32.8,30.0,2.0,11.0,0
59,20.0,31.1,30.0,7.0,6.0,0
60,23.0,38.9,65.0,19.0,28.0,0
61,18.6,24.5,54.0,22.0,24.0,0
62,14.1,24.6,46.0,20.0,17.0,0
63,11.9,26.4,41.0,11.0,9.0,0
64,13.1,29.6,26.0,11.0,7.0,0
65,16.5,33.2,46.0,15.0,11.0,0
66,21.1,33.4,41.0,24.0,9.0,0
67,21.6,31.1,61.0,30.0,11.0,0
68,19.5,31.4,46.0,26.0,19.0,0
69,21.6,32.2,48.0,28.0,20.0,1
70,18.5,29.6,39.0,13.0,6.0,1
71,16.0,24.3,39.0,17.0,13.0,0
72,9.2,24.4,41.0,9.0,15.0,0
73,12.1,25.8,30.0,11.0,9.0,0
74,13.9,29.5,28.0,11.0,9.0,0
75,15.3,32.3,24.0,4.0,9.0,0
76,17.6,33.9,39.0,7.0,6.0,0
77,19.1,34.2,28.0,13.0,7.0,0
78,20.9,34.3,28.0,13.0,13.0,0
79,21.3,35.9,35.0,9.0,15.0,0
80,19.2,37.0,43.0,15.0,20.0,0
81,23.5,36.5,44.0,19.0,20.0,0
82,21.9,36.4,37.0,13.0,9.0,0
83,20.8,31.2,33.0,13.0,11.0,0
84,15.9,31.0,37.0,20.0,6.0,0
85,16.6,31.6,26.0,13.0,7.0,0
86,17.3,31.0,33.0,17.0,9.0,0
87,18.0,30.6,44.0,15.0,19.0,0
88,19.7,31.8,37.0,19.0,20.0,0
89,21.0,32.8,31.0,19.0,9.0,0
90,15.6,24.3,43.0,17.0,11.0,0
91,9.9,24.6,31.0,11.0,15.0,0
92,10.7,23.3,43.0,17.0,15.0,0
93,9.4,25.6,31.0,13.0,13.0,0
94,13.5,28.4,35.0,24.0,11.0,0
95,17.1,28.7,43.0,15.0,15.0,1
96,16.5,20.6,30.0,7.0,9.0,1
97,16.0,24.4,31.0,4.0,15.0,1
98,16.8,23.9,20.0,4.0,7.0,0
99,16.2,23.9,24.0,6.0,9.0,0
100,14.5,28.4,39.0,15.0,22.0,0
101,14.9,29.4,33.0,13.0,15.0,0
102,11.7,23.8,28.0,11.0,13.0,0
103,11.2,23.8,35.0,7.0,15.0,0
104,11.4,25.6,26.0,7.0,9.0,0
105,13.3,24.1,31.0,13.0,15.0,0
106,11.9,24.0,35.0,19.0,13.0,0
107,12.3,24.6,31.0,15.0,15.0,0
108,12.0,25.9,33.0,20.0,9.0,0
109,16.7,24.6,57.0,6.0,24.0,0
110,12.7,23.4,46.0,13.0,24.0,0
111,11.2,18.4,63.0,22.0,19.0,0
112,5.7,19.7,52.0,9.0,17.0,0
113,12.4,19.9,35.0,17.0,19.0,0
114,6.2,17.0,33.0,4.0,11.0,0
115,6.2,19.3,17.0,7.0,2.0,0
116,6.6,20.6,28.0,7.0,15.0,0
117,7.5,22.8,30.0,9.0,17.0,0
118,8.5,23.3,22.0,11.0,9.0,0
119,9.7,23.1,22.0,7.0,13.0,0
120,5.9,23.9,20.0,9.0,9.0,0
121,7.9,23.5,26.0,9.0,9.0,0
122,7.5,21.7,24.0,9.0,13.0,0
123,6.2,22.2,24.0,4.0,11.0,0
124,7.7,23.2,22.0,6.0,9.0,0
125,10.4,23.4,30.0,17.0,9.0,0
126,9.7,23.2,24.0,13.0,9.0,0
127,9.0,21.2,33.0,2.0,20.0,0
128,5.4,20.4,31.0,6.0,15.0,0
129,7.5,21.2,37.0,9.0,19.0,0
130,8.8,20.6,39.0,17.0,17.0,0
131,7.8,19.4,31.0,7.0,17.0,0
132,12.8,14.7,41.0,20.0,17.0,1
133,12.5,15.6,52.0,20.0,26.0,1
134,12.7,20.0,52.0,22.0,28.0,0
135,10.9,20.8,46.0,11.0,20.0,0
136,12.6,22.9,44.0,24.0,19.0,0
137,13.2,22.9,44.0,24.0,19.0,0
138,13.5,21.5,44.0,24.0,17.0,0
139,13.0,21.3,26.0,13.0,2.0,1
140,12.6,16.3,20.0,7.0,7.0,0
141,7.2,15.9,24.0,6.0,13.0,0
142,2.4,15.6,28.0,6.0,11.0,0
143,6.8,17.7,37.0,17.0,15.0,0
144,10.7,15.6,43.0,19.0,13.0,1
145,11.3,13.0,43.0,24.0,20.0,1
146,11.1,13.9,30.0,15.0,13.0,1
147,11.6,18.6,26.0,6.0,6.0,0
148,6.9,17.6,15.0,7.0,11.0,0
149,6.9,16.7,28.0,17.0,9.0,1
150,6.5,14.5,28.0,13.0,17.0,0
151,8.8,15.8,31.0,17.0,22.0,0
152,5.5,14.3,46.0,13.0,24.0,0
153,0.2,12.1,31.0,4.0,11.0,0
154,1.9,12.8,26.0,11.0,7.0,0
155,6.1,18.0,35.0,17.0,15.0,0
156,8.3,19.0,46.0,13.0,22.0,0
157,4.7,14.9,24.0,9.0,13.0,0
158,7.9,17.1,20.0,9.0,9.0,0
159,5.2,17.8,26.0,15.0,9.0,0
160,6.5,17.5,28.0,17.0,7.0,0
161,6.7,17.3,22.0,13.0,9.0,0
162,8.5,18.4,33.0,19.0,15.0,0
163,11.7,20.1,31.0,17.0,15.0,1
164,9.5,20.9,22.0,7.0,7.0,0
165,7.4,22.3,33.0,19.0,17.0,0
166,6.5,16.7,33.0,7.0,15.0,0
167,7.2,16.6,19.0,6.0,4.0,0
168,7.8,12.2,28.0,6.0,17.0,1
169,9.2,14.6,20.0,11.0,6.0,1
170,9.5,16.0,26.0,9.0,11.0,0
171,9.8,20.7,54.0,13.0,28.0,0
172,8.7,17.0,39.0,13.0,19.0,0
173,4.3,16.5,41.0,7.0,20.0,0
174,8.5,14.3,48.0,20.0,24.0,0
175,7.1,13.5,33.0,17.0,15.0,0
176,8.3,14.7,24.0,13.0,7.0,0
177,4.4,12.8,22.0,6.0,7.0,0
178,1.7,14.6,20.0,6.0,11.0,0
179,5.3,16.6,31.0,13.0,11.0,0
180,6.3,17.0,30.0,19.0,11.0,0
181,5.6,17.6,30.0,20.0,11.0,0
182,8.4,18.4,33.0,15.0,17.0,0
183,10.5,19.5,28.0,9.0,7.0,0
184,7.7,15.6,28.0,6.0,15.0,0
185,6.3,12.0,22.0,6.0,11.0,1
186,1.9,13.7,15.0,4.0,4.0,0
187,3.2,15.3,24.0,6.0,7.0,0
188,3.7,17.6,24.0,11.0,7.0,0
189,8.2,22.7,31.0,15.0,17.0,0
190,12.2,17.4,43.0,13.0,11.0,1
191,5.1,13.0,33.0,11.0,20.0,0
192,1.2,15.5,20.0,7.0,4.0,0
193,3.4,17.1,33.0,13.0,13.0,0
194,8.9,12.2,24.0,7.0,11.0,1
195,4.6,11.4,30.0,7.0,13.0,0
196,3.6,16.6,26.0,6.0,15.0,0
197,5.3,15.1,24.0,4.0,11.0,0
198,4.9,15.8,20.0,6.0,9.0,0
199,9.3,17.2,26.0,7.0,15.0,0
200,4.7,16.3,20.0,6.0,9.0,0
201,5.2,17.6,17.0,7.0,2.0,0
202,5.9,19.9,20.0,4.0,11.0,0
203,8.0,20.5,26.0,13.0,9.0,0
204,7.2,19.2,44.0,15.0,28.0,0
205,2.3,16.2,24.0,9.0,7.0,0
206,1.7,17.6,19.0,9.0,6.0,0
207,6.2,21.4,43.0,7.0,13.0,0
208,8.4,19.1,44.0,15.0,20.0,0
209,7.5,19.3,37.0,6.0,13.0,0
210,4.1,19.0,28.0,2.0,13.0,0
211,6.5,20.3,17.0,6.0,6.0,0
212,7.4,22.8,35.0,17.0,15.0,0
213,13.4,28.0,57.0,26.0,22.0,0
214,7.8,18.2,37.0,15.0,22.0,0
215,5.2,18.8,26.0,7.0,11.0,0
216,4.9,21.3,24.0,6.0,9.0,0
217,10.0,22.8,22.0,2.0,11.0,0
218,10.5,27.6,61.0,20.0,28.0,0
219,11.9,19.9,30.0,13.0,15.0,0
220,14.1,28.9,37.0,13.0,17.0,0
221,15.4,23.2,57.0,6.0,19.0,0
222,10.4,17.5,65.0,20.0,13.0,0
223,6.2,18.8,22.0,9.0,13.0,0
224,5.2,23.3,31.0,13.0,17.0,0
225,6.5,23.7,24.0,11.0,13.0,0
226,15.4,26.7,48.0,19.0,26.0,0
227,9.3,16.3,54.0,24.0,11.0,0
228,3.5,18.2,35.0,6.0,9.0,0
229,6.6,21.1,22.0,4.0,6.0,0
230,7.4,22.9,39.0,13.0,9.0,0
231,6.1,19.0,30.0,7.0,13.0,0
232,6.7,21.7,39.0,13.0,17.0,0
233,13.3,21.0,54.0,22.0,28.0,0
234,7.9,18.5,41.0,17.0,20.0,0
235,4.9,18.6,35.0,6.0,15.0,0
236,6.5,26.0,37.0,15.0,13.0,0
237,12.0,30.1,44.0,22.0,20.0,0
238,14.5,32.7,46.0,19.0,20.0,0
239,13.8,24.6,33.0,15.0,11.0,0
240,8.1,24.2,24.0,13.0,9.0,0
241,7.1,28.2,26.0,15.0,9.0,0
242,15.7,31.3,50.0,24.0,11.0,1
243,10.9,22.9,24.0,11.0,7.0,0
244,9.6,26.6,31.0,6.0,11.0,0
245,14.4,29.2,59.0,9.0,17.0,0
246,14.8,21.5,44.0,11.0,24.0,0
247,15.1,29.6,83.0,26.0,11.0,0
248,9.6,18.7,74.0,26.0,30.0,0
249,7.1,21.7,33.0,9.0,17.0,0
250,8.8,27.5,65.0,17.0,37.0,0
251,8.7,17.7,63.0,30.0,31.0,0
252,6.9,16.8,50.0,28.0,31.0,0
253,7.7,19.3,39.0,13.0,13.0,0
254,5.9,22.1,28.0,6.0,9.0,0
255,7.4,27.6,35.0,17.0,20.0,0
256,14.7,34.9,43.0,17.0,22.0,0
257,16.6,33.4,72.0,15.0,43.0,0
258,11.6,17.7,44.0,17.0,13.0,0
259,8.2,20.8,30.0,9.0,11.0,0
260,11.2,24.1,33.0,13.0,15.0,0
261,8.0,22.4,41.0,7.0,20.0,0
262,5.4,18.1,44.0,19.0,20.0,0
263,4.0,19.6,31.0,11.0,9.0,0
264,6.1,22.0,30.0,17.0,9.0,0
265,9.7,24.4,41.0,24.0,7.0,0
266,10.3,27.7,48.0,17.0,9.0,0
267,16.3,29.1,76.0,24.0,35.0,0
268,9.1,23.8,69.0,15.0,35.0,0
269,12.4,21.5,54.0,24.0,22.0,0
270,9.5,21.6,50.0,19.0,26.0,0
271,6.7,19.5,44.0,19.0,22.0,0
272,7.8,22.1,31.0,7.0,15.0,0
273,8.5,24.8,35.0,7.0,7.0,0
274,9.9,28.6,30.0,13.0,9.0,0
275,13.9,32.6,39.0,13.0,13.0,0
276,15.4,36.0,33.0,11.0,17.0,0
277,17.1,36.7,48.0,6.0,11.0,0
278,17.5,35.1,43.0,13.0,6.0,0
279,9.8,16.1,57.0,11.0,28.0,1
280,11.7,23.7,46.0,24.0,24.0,0
281,15.3,26.1,35.0,20.0,7.0,0
282,16.4,31.2,44.0,17.0,19.0,0
283,17.9,30.7,33.0,15.0,7.0,0
284,19.6,33.4,31.0,13.0,4.0,0
285,21.2,35.0,26.0,13.0,6.0,0
286,21.9,37.5,28.0,15.0,15.0,0
287,21.3,38.3,56.0,20.0,24.0,0
288,16.7,28.3,30.0,11.0,17.0,0
289,14.3,27.3,30.0,15.0,11.0,0
290,14.9,31.3,44.0,17.0,9.0,0
291,16.6,29.2,41.0,20.0,17.0,0
292,18.0,31.8,43.0,24.0,15.0,0
293,20.0,32.7,35.0,20.0,13.0,0
294,18.9,34.1,43.0,15.0,11.0,0
295,19.8,36.5,30.0,20.0,6.0,0
296,21.7,40.4,72.0,9.0,11.0,0
297,21.9,37.4,37.0,11.0,17.0,0
298,20.2,36.4,37.0,15.0,9.0,0
299,22.5,39.8,33.0,13.0,9.0,0
300,25.3,41.7,46.0,15.0,6.0,0
301,23.6,38.2,43.0,11.0,20.0,0
302,21.0,41.8,31.0,17.0,11.0,0
303,27.4,43.9,44.0,9.0,20.0,0
304,28.8,45.4,56.0,15.0,15.0,0
305,27.3,39.7,39.0,13.0,9.0,0
306,26.1,33.1,57.0,22.0,17.0,0
307,17.6,19.6,43.0,9.0,13.0,1
308,13.8,33.8,35.0,19.0,11.0,0
309,19.4,36.7,54.0,26.0,19.0,0
310,21.4,28.1,44.0,7.0,17.0,1
311,15.4,33.0,41.0,6.0,20.0,0
312,19.8,32.2,52.0,17.0,19.0,0
313,18.5,26.2,57.0,30.0,24.0,0
314,15.4,27.3,37.0,11.0,19.0,0
315,14.0,28.0,37.0,20.0,15.0,0
316,15.3,29.8,37.0,20.0,9.0,0
317,17.1,34.0,33.0,20.0,9.0,0
318,17.5,35.8,41.0,7.0,19.0,0
319,15.5,32.7,35.0,13.0,13.0,0
320,17.5,33.5,39.0,9.0,9.0,0
321,19.8,37.5,37.0,7.0,13.0,0
322,22.8,39.9,74.0,17.0,28.0,0
323,13.3,31.3,24.0,9.0,9.0,0
324,18.9,35.0,54.0,15.0,28.0,0
325,13.4,31.9,33.0,13.0,13.0,0
326,18.4,33.9,37.0,13.0,19.0,0
327,18.9,35.9,39.0,15.0,11.0,0
328,19.8,38.8,54.0,11.0,6.0,0
329,22.8,41.9,44.0,20.0,15.0,0
330,26.5,41.8,67.0,31.0,22.0,1
331,18.7,24.8,41.0,11.0,13.0,0
332,14.3,30.9,31.0,11.0,9.0,0
333,17.6,34.2,35.0,13.0,9.0,0
334,19.2,37.6,31.0,11.0,13.0,0
335,22.6,38.4,41.0,22.0,9.0,0
336,21.9,39.7,39.0,17.0,17.0,0
337,27.3,39.6,57.0,31.0,22.0,1
338,19.4,24.7,33.0,7.0,7.0,1
339,20.3,25.4,31.0,13.0,15.0,1
340,18.6,29.7,33.0,11.0,9.0,0
341,21.9,32.2,39.0,13.0,17.0,0
342,21.9,33.6,41.0,13.0,24.0,0
343,22.3,32.3,43.0,19.0,20.0,0
344,21.5,27.2,46.0,22.0,26.0,1
345,19.3,26.4,30.0,13.0,19.0,1
346,21.0,33.4,44.0,7.0,19.0,0
347,18.1,29.8,37.0,19.0,13.0,0
348,16.6,35.0,26.0,11.0,6.0,0
349,22.9,34.7,85.0,24.0,31.0,1
350,19.5,33.7,28.0,6.0,7.0,0
351,22.7,35.7,30.0,7.0,7.0,0
352,21.9,36.4,37.0,22.0,15.0,0
353,23.3,37.2,33.0,17.0,7.0,0
354,23.8,39.7,30.0,13.0,11.0,0
355,24.8,41.6,37.0,4.0,13.0,0
356,24.5,42.4,56.0,20.0,7.0,0
357,25.7,37.1,46.0,13.0,24.0,0
358,20.5,34.8,35.0,11.0,19.0,0
359,20.6,39.4,50.0,17.0,4.0,0
360,24.8,38.2,57.0,13.0,20.0,0
361,21.2,29.0,43.0,20.0,17.0,0
362,15.6,24.6,46.0,22.0,24.0,0
363,11.3,28.8,50.0,9.0,20.0,0
364,13.8,34.8,28.0,6.0,9.0,0
365,20.2,40.3,30.0,7.0,11.0,0
366,23.2,41.3,44.0,13.0,22.0,0
367,26.2,40.3,39.0,13.0,19.0,0
368,21.5,38.8,33.0,15.0,7.0,0
369,22.1,41.2,33.0,13.0,17.0,0
370,24.2,41.3,33.0,11.0,9.0,0
371,27.0,41.8,44.0,11.0,15.0,0
372,22.9,36.2,39.0,11.0,9.0,0
373,24.0,38.0,33.0,9.0,7.0,0
374,24.0,37.4,46.0,24.0,24.0,0
375,24.0,34.1,43.0,24.0,9.0,0
376,23.8,32.1,39.0,15.0,17.0,0
377,23.1,33.3,54.0,26.0,31.0,0
378,22.7,29.9,56.0,24.0,24.0,1
379,19.2,29.6,57.0,6.0,19.0,1
380,19.7,26.8,39.0,9.0,20.0,0
381,19.8,25.3,37.0,11.0,17.0,1
382,22.7,30.4,35.0,13.0,6.0,1
383,20.8,32.1,31.0,20.0,7.0,0
384,23.4,35.7,24.0,9.0,9.0,0
385,20.1,23.6,24.0,9.0,9.0,1
386,21.1,26.5,44.0,19.0,13.0,0
387,18.0,29.3,35.0,15.0,19.0,0
388,18.0,30.3,30.0,6.0,9.0,0
389,19.9,31.7,30.0,13.0,11.0,0
390,19.3,30.7,39.0,17.0,15.0,0
391,17.5,30.7,41.0,19.0,9.0,0
392,20.6,32.5,30.0,19.0,7.0,0
393,20.9,34.0,31.0,9.0,6.0,0
394,22.0,35.3,37.0,7.0,19.0,0
395,22.4,30.9,35.0,19.0,13.0,0
396,19.3,33.8,37.0,20.0,13.0,0
397,20.6,32.3,48.0,20.0,13.0,0
398,18.7,32.5,30.0,17.0,6.0,0
399,21.6,31.6,28.0,7.0,4.0,0
400,19.4,27.4,48.0,15.0,9.0,0
401,17.9,26.8,50.0,26.0,20.0,0
402,15.8,30.4,39.0,22.0,20.0,1
403,18.4,22.5,43.0,20.0,24.0,1
404,18.0,27.9,33.0,19.0,17.0,1
405,20.7,30.5,22.0,2.0,9.0,0
406,19.1,29.4,41.0,19.0,22.0,0
407,15.1,26.7,44.0,15.0,22.0,0
408,14.0,26.6,35.0,13.0,13.0,0
409,12.8,23.2,33.0,11.0,17.0,0
410,11.0,27.7,41.0,13.0,17.0,0
411,16.1,28.0,46.0,20.0,11.0,0
412,16.3,28.0,43.0,20.0,9.0,0
413,15.8,28.5,35.0,20.0,7.0,0
414,17.3,29.6,26.0,17.0,6.0,0
415,16.5,30.9,28.0,7.0,6.0,0
416,17.7,30.9,30.0,17.0,13.0,0
417,16.8,33.2,26.0,9.0,13.0,0
418,18.8,32.6,30.0,11.0,6.0,0
419,18.8,34.0,24.0,6.0,7.0,0
420,18.9,34.2,33.0,7.0,13.0,0
421,18.5,30.3,28.0,13.0,13.0,0
422,12.8,30.3,30.0,9.0,13.0,0
423,13.1,32.0,31.0,7.0,7.0,0
424,16.4,34.2,22.0,13.0,7.0,0
425,16.3,34.8,33.0,7.0,7.0,0
426,17.7,34.4,22.0,7.0,7.0,0
427,23.3,32.4,50.0,9.0,7.0,1
428,18.8,25.8,28.0,6.0,6.0,1
429,16.7,27.7,22.0,4.0,6.0,0
430,16.1,28.6,24.0,2.0,11.0,0
431,12.2,29.0,26.0,2.0,15.0,0
432,14.1,29.6,33.0,15.0,7.0,0
433,16.7,28.6,37.0,20.0,17.0,0
434,15.0,28.5,35.0,19.0,20.0,1
435,17.1,20.9,44.0,15.0,17.0,1
436,17.7,28.1,44.0,17.0,15.0,1
437,17.5,25.5,30.0,11.0,13.0,0
438,14.6,23.5,20.0,9.0,6.0,0
439,17.1,26.2,30.0,9.0,15.0,0
440,15.3,24.1,33.0,6.0,20.0,0
441,7.9,22.9,20.0,6.0,9.0,0
442,9.2,24.6,22.0,7.0,6.0,0
443,11.8,27.6,30.0,13.0,6.0,0
444,14.7,27.4,31.0,19.0,2.0,0
445,15.6,27.8,31.0,22.0,15.0,0
446,16.3,28.7,31.0,19.0,13.0,0
447,14.8,27.9,24.0,13.0,7.0,0
448,15.3,28.6,26.0,17.0,9.0,0
449,16.2,30.2,59.0,11.0,9.0,0
450,17.1,29.9,31.0,13.0,13.0,0
451,18.0,30.3,46.0,20.0,20.0,1
452,14.1,20.1,39.0,11.0,17.0,0
453,7.6,20.8,30.0,9.0,7.0,0
454,9.6,20.5,17.0,6.0,7.0,0
455,8.8,22.0,26.0,4.0,13.0,0
456,9.0,21.1,24.0,7.0,7.0,0
457,8.4,24.5,19.0,7.0,4.0,0
458,10.9,25.6,17.0,9.0,4.0,0
459,11.6,27.9,33.0,13.0,11.0,0
460,14.8,28.7,41.0,19.0,15.0,1
461,9.8,17.8,44.0,20.0,19.0,0
462,8.1,20.1,44.0,7.0,13.0,0
463,6.6,22.4,44.0,6.0,13.0,0
464,8.8,23.9,44.0,6.0,6.0,0
465,8.6,25.5,30.0,15.0,20.0,0
466,12.1,20.9,37.0,9.0,17.0,0
467,3.0,17.7,26.0,9.0,11.0,0
468,4.1,19.8,26.0,6.0,11.0,0
469,12.5,21.6,24.0,6.0,13.0,0
470,6.5,21.0,30.0,6.0,7.0,0
471,7.2,21.0,20.0,6.0,6.0,0
472,10.0,19.7,17.0,9.0,2.0,0
473,7.9,20.1,30.0,6.0,13.0,0
474,6.3,18.9,24.0,7.0,11.0,0
475,6.7,20.6,33.0,17.0,13.0,0
476,12.4,16.7,37.0,13.0,11.0,1
477,12.2,20.4,50.0,7.0,11.0,1
478,10.7,18.0,30.0,17.0,11.0,0
479,10.3,20.7,22.0,6.0,9.0,0
480,12.1,18.6,31.0,11.0,17.0,1
481,11.7,15.3,48.0,15.0,20.0,1
482,11.0,15.1,24.0,9.0,7.0,0
483,8.3,18.7,19.0,9.0,6.0,1
484,11.7,16.1,20.0,7.0,7.0,0
485,8.9,19.1,26.0,6.0,13.0,0
486,7.3,19.2,28.0,9.0,17.0,0
487,6.9,16.5,33.0,9.0,17.0,0
488,7.2,13.8,33.0,15.0,15.0,0
489,2.9,13.6,13.0,4.0,6.0,0
490,2.0,15.8,24.0,6.0,9.0,0
491,2.0,13.7,48.0,17.0,20.0,0
492,5.2,13.1,31.0,19.0,13.0,0
493,6.5,14.4,31.0,9.0,17.0,0
494,2.3,14.7,20.0,7.0,9.0,0
495,3.6,19.1,22.0,13.0,11.0,0
496,6.5,20.4,28.0,13.0,11.0,0
497,8.3,19.4,35.0,15.0,17.0,1
498,11.2,19.3,41.0,7.0,20.0,1
499,4.0,17.4,24.0,7.0,9.0,0
500,9.5,17.0,28.0,6.0,9.0,0
501,10.0,18.0,22.0,6.0,7.0,0
502,6.1,18.3,31.0,15.0,9.0,0
503,9.5,18.7,37.0,24.0,13.0,0
504,9.2,20.6,33.0,17.0,15.0,0
505,10.0,22.0,39.0,20.0,19.0,1
506,9.9,13.6,33.0,11.0,13.0,0
507,1.0,11.6,19.0,4.0,9.0,0
508,0.0,12.7,24.0,7.0,11.0,0
509,1.6,16.2,28.0,7.0,7.0,0
510,3.9,16.9,26.0,9.0,9.0,0
511,7.4,9.4,35.0,13.0,11.0,1
512,2.0,11.9,26.0,9.0,9.0,0
513,1.0,13.8,24.0,6.0,6.0,0
514,2.8,15.3,26.0,13.0,7.0,0
515,4.4,11.3,35.0,19.0,17.0,0
516,2.9,13.4,22.0,9.0,9.0,0
517,3.9,17.0,30.0,11.0,13.0,0
518,5.5,17.8,31.0,15.0,17.0,0
519,8.5,20.0,52.0,28.0,17.0,0
520,12.0,18.4,22.0,6.0,4.0,0
521,7.4,19.8,24.0,15.0,4.0,0
522,11.7,17.4,41.0,17.0,15.0,1
523,7.4,14.9,56.0,19.0,20.0,0
524,7.9,14.6,43.0,20.0,11.0,0
525,2.9,13.8,20.0,6.0,9.0,0
526,2.2,16.4,19.0,9.0,4.0,0
527,4.2,17.5,20.0,9.0,7.0,0
528,6.3,15.7,31.0,6.0,19.0,0
529,2.1,12.8,30.0,6.0,15.0,0
530,2.4,13.2,26.0,6.0,11.0,0
531,1.3,14.5,24.0,9.0,13.0,0
532,0.9,15.9,26.0,13.0,9.0,0
533,5.2,16.7,22.0,9.0,9.0,0
534,16.1,31.4,54.0,7.0,37.0,0
535,22.8,24.7,56.0,35.0,15.0,1
536,20.0,24.1,35.0,20.0,19.0,0
537,14.8,25.0,24.0,7.0,17.0,0
538,15.5,27.3,41.0,7.0,30.0,0
539,19.8,30.2,54.0,24.0,39.0,0
540,22.7,29.6,56.0,20.0,37.0,0
541,22.7,29.2,44.0,9.0,20.0,1
542,19.5,21.4,56.0,26.0,28.0,1
543,16.9,24.2,30.0,20.0,15.0,0
544,13.7,25.5,26.0,13.0,15.0,0
545,17.5,27.4,31.0,11.0,19.0,0
546,17.7,27.0,28.0,15.0,20.0,0
547,16.9,27.4,43.0,13.0,30.0,0
548,19.1,32.2,61.0,31.0,46.0,0
549,21.0,27.5,39.0,6.0,15.0,1
550,19.0,21.3,50.0,19.0,30.0,1
551,14.8,23.1,28.0,17.0,9.0,0
552,14.3,25.9,44.0,7.0,31.0,0
553,20.2,28.5,59.0,17.0,39.0,0
554,22.2,30.8,48.0,17.0,31.0,0
555,22.6,28.2,48.0,24.0,20.0,0
556,22.2,29.4,50.0,17.0,31.0,0
557,23.6,30.6,56.0,24.0,35.0,0
558,22.1,25.6,41.0,19.0,17.0,1
559,20.1,27.1,31.0,20.0,15.0,1
560,20.8,27.7,30.0,13.0,15.0,1
561,20.1,28.2,30.0,19.0,15.0,0
562,19.8,29.1,31.0,6.0,19.0,0
563,18.2,29.0,35.0,11.0,19.0,0
564,20.7,28.7,33.0,7.0,24.0,0
565,20.0,29.6,30.0,7.0,19.0,1
566,21.6,28.3,26.0,11.0,15.0,0
567,19.3,28.0,30.0,7.0,20.0,0
568,21.2,29.2,31.0,4.0,20.0,0
569,20.1,29.1,33.0,9.0,20.0,0
570,19.1,29.4,39.0,15.0,24.0,0
571,19.1,29.9,31.0,9.0,20.0,0
572,17.4,29.2,31.0,7.0,20.0,0
573,16.4,28.1,22.0,13.0,15.0,0
574,21.0,30.0,56.0,19.0,39.0,0
575,21.6,27.6,48.0,24.0,31.0,1
576,18.8,23.7,65.0,20.0,20.0,1
577,18.6,22.5,59.0,9.0,24.0,1
578,18.3,24.8,57.0,28.0,31.0,1
579,18.9,26.1,43.0,13.0,13.0,1
580,19.5,27.6,24.0,9.0,7.0,0
581,19.0,27.8,41.0,9.0,15.0,1
582,18.6,26.8,30.0,19.0,22.0,0
583,19.4,29.1,50.0,17.0,33.0,0
584,21.3,28.7,44.0,11.0,28.0,1
585,18.8,26.1,50.0,17.0,31.0,1
586,18.4,26.1,46.0,28.0,28.0,0
587,15.1,27.3,35.0,20.0,22.0,0
588,18.9,27.9,33.0,20.0,11.0,0
589,21.4,26.5,33.0,20.0,22.0,1
590,20.7,27.3,24.0,11.0,17.0,0
591,21.1,30.4,48.0,20.0,31.0,1
592,16.8,24.1,33.0,17.0,17.0,0
593,13.8,26.0,35.0,6.0,26.0,0
594,17.8,27.9,52.0,9.0,33.0,0
595,19.6,27.5,35.0,13.0,28.0,0
596,19.1,25.7,43.0,15.0,17.0,1
597,19.8,27.1,35.0,17.0,22.0,1
598,18.7,25.6,33.0,17.0,13.0,1
599,16.5,25.5,19.0,6.0,9.0,0
600,18.5,26.9,30.0,7.0,20.0,0
601,18.2,28.2,50.0,13.0,35.0,1
602,20.1,29.4,46.0,13.0,31.0,0
603,19.5,24.9,31.0,13.0,7.0,1
604,16.4,25.2,33.0,9.0,20.0,0
605,19.7,25.9,30.0,17.0,19.0,0
606,17.7,26.7,31.0,11.0,24.0,0
607,16.3,26.8,22.0,11.0,15.0,0
608,17.9,26.4,31.0,19.0,13.0,0
609,17.0,25.9,33.0,13.0,13.0,1
610,16.1,25.8,22.0,9.0,15.0,0
611,15.5,26.6,30.0,7.0,17.0,0
612,14.7,26.8,33.0,11.0,24.0,0
613,15.2,26.7,39.0,6.0,28.0,0
614,16.6,26.8,52.0,13.0,24.0,1
615,17.7,25.3,44.0,24.0,30.0,0
616,17.5,25.1,43.0,20.0,19.0,1
617,18.9,22.9,69.0,26.0,24.0,1
618,20.9,25.6,43.0,20.0,13.0,1
619,19.9,25.3,35.0,13.0,9.0,1
620,19.7,25.0,41.0,9.0,11.0,1
621,19.4,23.3,35.0,22.0,20.0,1
622,17.5,25.0,44.0,15.0,30.0,1
623,17.9,23.6,31.0,13.0,7.0,1
624,17.0,23.4,37.0,24.0,20.0,1
625,16.1,22.3,31.0,19.0,7.0,1
626,14.8,25.1,37.0,17.0,24.0,0
627,16.1,24.8,31.0,9.0,13.0,1
628,18.4,24.2,28.0,9.0,15.0,1
629,18.7,21.3,24.0,7.0,11.0,1
630,16.9,26.5,26.0,9.0,11.0,0
631,13.3,25.6,28.0,17.0,13.0,0
632,13.5,24.5,30.0,6.0,20.0,0
633,13.8,24.0,56.0,22.0,26.0,1
634,15.9,23.9,61.0,33.0,41.0,1
635,16.5,21.4,57.0,35.0,35.0,1
636,15.1,21.8,72.0,24.0,39.0,1
637,16.3,21.7,41.0,22.0,31.0,1
638,16.4,22.6,31.0,26.0,28.0,0
639,11.5,24.8,33.0,19.0,15.0,0
640,18.5,28.6,39.0,20.0,17.0,0
641,13.0,27.8,37.0,15.0,15.0,0
642,10.8,19.9,28.0,19.0,11.0,0
643,8.8,24.2,24.0,7.0,13.0,0
644,10.5,19.6,41.0,19.0,19.0,0
645,10.0,21.2,37.0,19.0,22.0,0
646,13.2,22.0,30.0,13.0,17.0,0
647,12.2,23.7,41.0,13.0,26.0,0
648,13.2,22.3,44.0,17.0,28.0,1
649,14.8,21.9,31.0,15.0,15.0,1
650,12.9,22.5,39.0,19.0,26.0,1
651,15.1,20.3,33.0,19.0,11.0,1
652,11.6,22.3,17.0,6.0,11.0,0
653,11.1,22.2,57.0,22.0,28.0,0
654,11.5,21.9,35.0,17.0,20.0,0
655,11.2,22.5,52.0,28.0,37.0,1
656,13.9,20.8,37.0,20.0,20.0,0
657,7.1,22.3,20.0,9.0,13.0,0
658,5.9,23.2,30.0,7.0,17.0,0
659,7.5,22.6,19.0,9.0,13.0,0
660,9.5,20.8,26.0,9.0,11.0,0
661,11.7,19.8,41.0,22.0,15.0,1
662,15.4,19.9,50.0,20.0,17.0,1
663,16.4,20.5,61.0,35.0,28.0,1
664,15.4,19.5,76.0,41.0,35.0,1
665,17.1,20.5,69.0,39.0,41.0,1
666,17.5,21.5,48.0,22.0,20.0,1
667,13.8,19.5,26.0,11.0,13.0,0
668,12.5,20.1,22.0,9.0,13.0,0
669,10.7,21.1,20.0,6.0,9.0,0
670,11.9,20.9,22.0,9.0,11.0,1
671,13.8,19.8,50.0,9.0,31.0,0
672,12.7,20.0,43.0,17.0,30.0,1
673,13.2,18.6,39.0,15.0,24.0,0
674,10.7,19.0,33.0,17.0,19.0,1
675,12.3,18.6,28.0,15.0,9.0,1
676,13.5,20.1,17.0,11.0,9.0,1
677,10.5,21.5,19.0,9.0,11.0,0
678,8.5,19.2,30.0,6.0,11.0,0
679,7.0,21.3,31.0,13.0,9.0,0
680,3.6,19.0,54.0,7.0,15.0,0
681,8.8,20.7,28.0,7.0,11.0,1
682,7.7,19.5,33.0,17.0,11.0,0
683,9.2,18.2,48.0,24.0,28.0,1
684,12.4,16.0,39.0,24.0,13.0,1
685,13.2,17.0,52.0,20.0,28.0,1
686,14.7,19.6,54.0,11.0,15.0,1
687,12.5,19.1,30.0,11.0,19.0,0
688,7.7,21.4,22.0,6.0,9.0,0
689,10.0,15.1,28.0,7.0,6.0,0
690,10.8,19.4,17.0,7.0,9.0,0
691,10.8,18.0,39.0,7.0,20.0,0
692,8.6,19.5,22.0,6.0,13.0,0
693,5.8,19.6,22.0,6.0,13.0,0
694,10.5,23.9,41.0,4.0,20.0,0
695,8.9,18.9,28.0,7.0,11.0,0
696,6.5,19.3,57.0,9.0,31.0,0
697,4.5,18.4,30.0,13.0,13.0,0
698,3.9,18.8,35.0,6.0,17.0,0
699,3.7,18.8,35.0,7.0,19.0,0
700,9.1,17.3,41.0,19.0,28.0,1
701,10.7,17.6,48.0,26.0,17.0,1
702,10.7,16.1,50.0,22.0,22.0,1
703,10.9,17.5,46.0,28.0,31.0,1
704,12.0,18.2,37.0,20.0,24.0,0
705,6.4,20.2,30.0,15.0,20.0,0
706,10.3,23.7,35.0,15.0,17.0,0
707,10.1,17.5,35.0,15.0,13.0,0
708,5.1,17.9,30.0,13.0,11.0,0
709,7.5,18.2,56.0,28.0,31.0,0
710,5.3,17.8,24.0,7.0,15.0,0
711,6.3,18.7,22.0,13.0,11.0,0
712,5.0,21.8,39.0,11.0,22.0,0
713,8.4,23.0,31.0,17.0,26.0,0
714,15.3,23.6,39.0,13.0,17.0,0
715,12.5,21.1,28.0,13.0,13.0,0
716,8.1,18.0,41.0,22.0,30.0,1
717,7.9,18.3,22.0,2.0,13.0,0
718,8.4,18.9,37.0,13.0,19.0,0
719,10.8,20.1,41.0,13.0,20.0,0
720,3.8,17.8,28.0,9.0,15.0,0
721,3.6,17.7,20.0,6.0,13.0,0
722,6.3,20.0,35.0,9.0,22.0,0
723,4.5,19.7,33.0,17.0,19.0,0
724,4.6,18.1,26.0,7.0,15.0,0
725,5.7,20.2,22.0,7.0,13.0,0
726,7.4,20.1,35.0,9.0,26.0,0
727,7.0,18.7,28.0,11.0,15.0,0
728,4.8,19.0,28.0,7.0,19.0,0
729,9.4,23.0,39.0,20.0,30.0,0
730,11.0,18.1,54.0,26.0,26.0,0
731,3.1,18.1,19.0,7.0,13.0,0
732,12.6,22.3,48.0,15.0,35.0,0
733,13.7,24.5,37.0,9.0,24.0,0
734,8.3,21.2,28.0,7.0,13.0,0
735,6.8,20.4,35.0,20.0,19.0,0
736,7.1,21.9,30.0,13.0,17.0,0
737,6.1,23.9,37.0,4.0,28.0,0
738,11.9,29.2,50.0,13.0,28.0,0
739,9.4,19.5,54.0,20.0,20.0,0
740,6.6,19.3,26.0,17.0,15.0,0
741,9.1,23.3,35.0,13.0,28.0,0
742,10.7,26.0,46.0,11.0,26.0,0
743,16.2,24.1,43.0,9.0,15.0,0
744,14.3,27.9,37.0,13.0,24.0,0
745,16.3,34.0,50.0,30.0,22.0,0
746,14.3,31.1,35.0,19.0,17.0,0
747,6.9,22.4,28.0,9.0,19.0,0
748,5.0,23.4,37.0,4.0,22.0,0
749,8.4,24.0,22.0,2.0,11.0,0
750,12.7,26.2,48.0,19.0,28.0,0
751,19.3,25.1,43.0,30.0,4.0,0
752,12.6,18.8,26.0,11.0,13.0,0
753,4.7,20.4,30.0,13.0,15.0,0
754,7.8,21.8,35.0,11.0,24.0,0
755,12.2,23.1,52.0,19.0,37.0,0
756,15.8,23.6,50.0,9.0,33.0,1
757,14.8,21.2,44.0,31.0,20.0,0
758,9.4,21.2,20.0,6.0,17.0,0
759,12.3,24.3,57.0,26.0,19.0,1
760,8.8,21.8,22.0,11.0,15.0,0
761,6.6,20.1,28.0,9.0,19.0,0
762,5.4,21.1,30.0,9.0,20.0,0
763,5.2,21.2,33.0,20.0,17.0,0
764,7.9,24.1,41.0,7.0,30.0,0
765,9.1,25.6,56.0,4.0,41.0,0
766,8.5,26.2,35.0,7.0,19.0,0
767,11.4,23.6,54.0,13.0,37.0,0
768,13.7,24.6,56.0,26.0,41.0,0
769,17.2,28.3,52.0,31.0,39.0,0
770,16.2,26.2,43.0,19.0,19.0,0
771,14.1,24.4,28.0,17.0,9.0,0
772,12.8,25.9,31.0,20.0,11.0,0
773,18.1,25.0,39.0,13.0,19.0,1
774,17.8,24.5,69.0,24.0,35.0,0
775,8.4,22.9,33.0,13.0,20.0,0
776,7.2,25.6,37.0,11.0,22.0,0
777,14.4,31.5,70.0,26.0,31.0,0
778,7.6,22.6,56.0,13.0,26.0,0
779,4.2,24.4,50.0,28.0,30.0,0
780,7.9,22.3,33.0,19.0,17.0,0
781,10.1,24.7,52.0,24.0,31.0,0
782,12.6,31.2,48.0,15.0,33.0,0
783,16.0,34.5,44.0,19.0,30.0,1
784,18.2,31.1,63.0,11.0,44.0,1
785,14.7,17.6,37.0,15.0,19.0,1
786,10.2,21.1,28.0,13.0,17.0,0
787,13.0,28.9,48.0,24.0,13.0,0
788,8.1,22.8,65.0,22.0,39.0,0
789,13.2,21.4,59.0,31.0,31.0,0
790,12.6,20.6,37.0,26.0,22.0,1
791,17.7,33.5,63.0,20.0,39.0,0
792,13.3,28.5,69.0,15.0,35.0,0
793,8.4,24.2,31.0,7.0,19.0,0
794,12.0,22.6,28.0,13.0,19.0,0
795,12.6,24.5,52.0,13.0,35.0,0
796,15.6,27.9,54.0,22.0,30.0,0
797,16.4,25.0,37.0,28.0,17.0,0
798,15.6,26.0,63.0,9.0,15.0,1
799,17.3,20.8,57.0,9.0,30.0,1
800,17.5,24.2,41.0,13.0,28.0,0
801,14.7,24.0,39.0,15.0,28.0,0
802,14.9,24.1,33.0,9.0,20.0,0
803,14.9,25.2,50.0,13.0,35.0,0
804,15.9,29.9,52.0,19.0,37.0,0
805,19.4,23.8,48.0,17.0,17.0,1
806,14.6,24.9,48.0,11.0,33.0,0
807,17.1,25.5,37.0,15.0,24.0,1
808,17.7,23.9,28.0,17.0,13.0,0
809,16.9,26.6,28.0,4.0,20.0,0
810,17.2,30.3,37.0,13.0,17.0,0
811,21.0,26.7,52.0,24.0,33.0,0
812,18.6,24.4,26.0,15.0,15.0,0
813,18.1,26.3,61.0,30.0,43.0,0
814,22.1,30.4,57.0,19.0,39.0,0
815,20.6,30.0,54.0,26.0,37.0,0
816,22.7,29.8,56.0,20.0,37.0,0
817,16.4,26.4,44.0,9.0,26.0,0
818,20.5,27.6,67.0,24.0,46.0,0
819,21.5,28.3,52.0,19.0,31.0,0
820,19.2,29.8,52.0,9.0,24.0,1
821,22.3,37.7,59.0,13.0,31.0,0
822,16.9,25.9,50.0,17.0,19.0,0
823,16.7,23.8,50.0,28.0,30.0,1
824,14.0,23.3,46.0,26.0,28.0,1
825,14.7,24.9,30.0,19.0,15.0,0
826,15.6,30.2,44.0,22.0,33.0,0
827,19.1,27.8,69.0,20.0,41.0,1
828,20.9,26.9,37.0,26.0,24.0,0
829,20.4,30.2,61.0,19.0,41.0,0
830,19.4,30.9,72.0,13.0,35.0,0
831,22.2,26.2,54.0,19.0,17.0,0
832,21.0,29.2,59.0,19.0,9.0,1
833,22.0,26.7,44.0,9.0,20.0,0
834,18.1,26.5,30.0,11.0,15.0,0
835,17.2,27.2,37.0,7.0,24.0,0
836,20.5,28.0,26.0,13.0,17.0,1
837,21.6,30.6,46.0,20.0,33.0,1
838,19.1,24.8,26.0,7.0,2.0,0
839,21.3,24.7,44.0,28.0,20.0,0
840,15.7,26.3,28.0,15.0,13.0,0
841,17.9,27.2,31.0,9.0,20.0,0
842,18.5,28.4,31.0,9.0,20.0,0
843,18.8,28.2,46.0,20.0,30.0,0
844,23.0,29.0,57.0,24.0,41.0,0
845,24.2,27.4,43.0,22.0,24.0,1
846,23.6,28.8,54.0,26.0,35.0,0
847,23.7,26.1,48.0,13.0,24.0,1
848,21.1,25.8,37.0,19.0,24.0,1
849,20.8,23.0,28.0,13.0,11.0,1
850,19.5,25.4,20.0,9.0,9.0,0
851,21.4,28.4,52.0,9.0,35.0,0
852,22.9,28.9,56.0,9.0,35.0,0
853,20.3,25.8,43.0,31.0,24.0,1
854,21.1,25.4,35.0,26.0,20.0,0
855,17.4,28.8,41.0,9.0,30.0,0
856,21.3,27.4,28.0,15.0,17.0,0
857,18.8,27.9,30.0,17.0,15.0,0
858,19.2,28.5,41.0,9.0,24.0,0
859,18.7,29.0,37.0,6.0,28.0,0
860,18.9,28.2,37.0,19.0,17.0,0
861,19.1,28.1,50.0,15.0,31.0,0
862,22.6,28.7,65.0,22.0,44.0,0
863,21.4,28.6,35.0,11.0,24.0,0
864,20.1,28.4,24.0,11.0,15.0,0
865,19.9,27.5,28.0,19.0,13.0,0
866,20.8,30.5,43.0,4.0,30.0,1
867,20.6,26.7,31.0,15.0,15.0,0
868,15.4,26.2,41.0,20.0,22.0,0
869,15.8,28.7,31.0,9.0,19.0,0
870,18.0,31.4,30.0,6.0,13.0,0
871,18.1,31.0,46.0,2.0,17.0,0
872,18.5,30.7,54.0,15.0,37.0,0
873,21.2,27.0,31.0,19.0,15.0,0
874,20.4,28.9,52.0,11.0,24.0,0
875,21.3,30.9,54.0,7.0,31.0,0
876,21.9,30.6,46.0,13.0,13.0,0
877,21.4,29.5,28.0,15.0,13.0,1
878,20.6,27.6,35.0,11.0,9.0,0
879,22.3,28.7,44.0,31.0,22.0,1
880,21.6,28.2,48.0,7.0,19.0,1
881,19.4,27.8,52.0,11.0,15.0,1
882,20.7,26.6,46.0,24.0,17.0,1
883,21.5,27.7,35.0,13.0,17.0,1
884,21.7,29.2,41.0,9.0,26.0,1
885,22.4,25.1,30.0,9.0,7.0,1
886,19.5,27.9,28.0,13.0,13.0,1
887,20.3,27.6,19.0,9.0,11.0,1
888,18.7,27.4,26.0,11.0,15.0,0
889,18.2,27.9,39.0,11.0,28.0,0
890,20.5,31.8,54.0,19.0,43.0,0
891,21.7,29.8,41.0,6.0,24.0,0
892,23.5,30.4,56.0,26.0,39.0,0
893,23.2,30.0,57.0,17.0,30.0,1
894,20.8,25.8,33.0,19.0,13.0,0
895,19.4,26.7,41.0,26.0,30.0,0
896,19.8,26.2,52.0,28.0,39.0,1
897,18.4,26.9,37.0,20.0,22.0,1
898,19.4,25.4,24.0,11.0,19.0,1
899,18.4,28.1,44.0,9.0,31.0,0
900,21.2,29.6,50.0,20.0,33.0,0
901,21.3,31.1,48.0,9.0,24.0,1
902,19.8,24.0,41.0,22.0,17.0,1
903,18.8,26.3,44.0,24.0,28.0,1
904,18.4,26.5,41.0,22.0,19.0,1
905,18.9,26.8,31.0,17.0,15.0,0
906,19.6,28.2,39.0,6.0,28.0,0
907,21.4,24.5,54.0,17.0,30.0,1
908,18.0,20.9,56.0,28.0,28.0,1
909,17.6,24.1,44.0,24.0,11.0,1
910,18.8,26.9,37.0,13.0,24.0,1
911,18.3,27.1,41.0,6.0,22.0,1
912,21.6,27.3,37.0,20.0,24.0,0
913,21.3,27.2,35.0,9.0,24.0,1
914,21.7,27.4,43.0,15.0,31.0,0
915,22.0,28.1,26.0,9.0,9.0,0
916,21.2,26.5,39.0,22.0,26.0,1
917,18.9,21.8,54.0,28.0,31.0,1
918,17.1,25.6,52.0,26.0,20.0,1
919,17.0,24.8,43.0,17.0,26.0,1
920,17.5,24.9,35.0,20.0,17.0,0
921,16.7,25.1,35.0,17.0,24.0,0
922,16.4,26.3,48.0,15.0,15.0,1
923,18.1,25.5,33.0,9.0,11.0,0
924,17.3,25.9,33.0,11.0,17.0,0
925,19.3,27.0,35.0,7.0,26.0,0
926,16.7,26.9,35.0,15.0,26.0,0
927,18.0,29.4,48.0,15.0,31.0,0
928,17.3,27.8,39.0,24.0,30.0,0
929,20.4,26.5,26.0,7.0,13.0,0
930,16.0,26.7,22.0,7.0,15.0,0
931,16.4,27.3,28.0,2.0,19.0,0
932,17.7,28.7,41.0,13.0,30.0,0
933,18.4,28.2,41.0,20.0,26.0,0
934,19.0,27.7,39.0,13.0,22.0,0
935,18.1,28.0,44.0,11.0,33.0,0
936,19.5,28.3,44.0,17.0,31.0,0
937,19.3,23.5,37.0,11.0,13.0,1
938,17.5,25.1,28.0,9.0,17.0,0
939,15.6,25.5,37.0,20.0,22.0,0
940,17.9,25.5,52.0,17.0,24.0,1
941,17.2,24.6,48.0,28.0,30.0,0
942,14.9,23.7,33.0,20.0,15.0,0
943,15.5,24.5,28.0,2.0,17.0,0
944,19.7,25.0,41.0,24.0,24.0,0
945,20.2,26.1,50.0,20.0,7.0,0
946,16.8,25.4,31.0,13.0,13.0,0
947,16.6,27.2,22.0,13.0,13.0,0
948,20.4,25.4,37.0,26.0,11.0,0
949,15.1,24.3,33.0,20.0,17.0,0
950,15.2,24.4,35.0,26.0,15.0,0
951,11.9,24.5,24.0,13.0,15.0,0
952,13.4,25.1,30.0,15.0,19.0,1
953,16.0,23.4,37.0,20.0,17.0,1
954,15.5,24.3,28.0,17.0,15.0,1
955,17.0,23.8,31.0,19.0,13.0,1
956,17.6,22.1,31.0,11.0,13.0,1
957,16.1,24.8,22.0,15.0,13.0,0
958,14.1,25.3,20.0,9.0,13.0,0
959,15.1,27.5,35.0,6.0,24.0,0
960,17.9,29.4,33.0,9.0,19.0,0
961,17.9,27.0,50.0,24.0,22.0,1
962,14.9,22.8,48.0,33.0,26.0,0
963,9.4,24.4,31.0,7.0,22.0,0
964,15.0,24.4,24.0,4.0,11.0,0
965,11.6,25.4,26.0,11.0,19.0,0
966,10.7,23.1,31.0,17.0,15.0,0
967,12.1,23.3,28.0,17.0,9.0,0
968,12.9,26.5,37.0,2.0,28.0,0
969,15.0,25.0,19.0,7.0,11.0,1
970,15.5,20.6,20.0,11.0,9.0,1
971,14.4,24.3,30.0,6.0,13.0,0
972,10.9,20.2,39.0,17.0,17.0,0
973,8.2,22.1,33.0,17.0,17.0,0
974,11.5,23.2,33.0,17.0,20.0,0
975,11.6,23.6,28.0,15.0,17.0,0
976,11.6,23.0,22.0,11.0,13.0,0
977,12.5,24.9,30.0,13.0,20.0,0
978,10.4,20.3,44.0,31.0,19.0,0
979,4.8,21.1,30.0,9.0,9.0,0
980,5.3,21.8,31.0,15.0,15.0,0
981,6.5,22.0,35.0,13.0,19.0,0
982,10.2,22.3,39.0,17.0,24.0,0
983,11.5,20.3,35.0,13.0,9.0,1
984,9.7,20.1,39.0,9.0,22.0,1
985,13.0,21.7,46.0,28.0,26.0,0
986,9.9,21.2,30.0,15.0,13.0,0
987,11.6,21.3,35.0,6.0,11.0,1
988,14.6,20.7,39.0,24.0,13.0,1
989,12.3,19.9,28.0,9.0,13.0,0
990,16.0,23.9,30.0,15.0,15.0,0
991,14.8,23.6,39.0,17.0,22.0,1
992,13.6,19.7,59.0,24.0,15.0,1
993,14.2,21.1,28.0,15.0,9.0,1
994,13.4,23.2,35.0,13.0,17.0,1
995,9.3,20.1,33.0,20.0,15.0,0
996,8.0,22.0,41.0,9.0,9.0,0
997,14.4,21.7,43.0,26.0,28.0,1
998,14.6,16.2,33.0,19.0,4.0,1
999,14.1,16.9,43.0,20.0,22.0,1
1000,13.9,20.7,52.0,20.0,28.0,1
1001,14.9,21.7,54.0,19.0,31.0,0
1002,8.9,19.4,43.0,19.0,22.0,0
1003,10.8,19.7,52.0,24.0,24.0,0
1004,9.9,18.9,26.0,13.0,11.0,0
1005,9.7,22.3,35.0,9.0,19.0,0
1006,4.2,17.9,37.0,7.0,17.0,0
1007,4.8,18.7,39.0,13.0,26.0,0
1008,5.3,18.0,35.0,13.0,24.0,0
1009,9.5,17.7,41.0,22.0,26.0,1
1010,12.8,16.4,33.0,22.0,17.0,1
1011,9.8,17.4,31.0,19.0,15.0,0
1012,7.5,19.7,22.0,9.0,13.0,0
1013,10.1,19.0,37.0,17.0,15.0,0
1014,8.7,20.7,33.0,19.0,13.0,0
1015,5.3,18.0,24.0,9.0,11.0,0
1016,5.3,19.0,19.0,7.0,11.0,0
1017,6.2,19.7,33.0,13.0,22.0,1
1018,13.6,17.8,41.0,19.0,28.0,1
1019,13.0,18.1,35.0,19.0,20.0,1
1020,12.2,19.1,28.0,13.0,11.0,0
1021,8.2,20.6,39.0,11.0,24.0,0
1022,10.0,21.6,39.0,17.0,6.0,1
1023,13.3,17.9,31.0,17.0,13.0,0
1024,8.6,17.4,35.0,17.0,15.0,0
1025,3.6,16.4,19.0,9.0,9.0,0
1026,1.3,16.7,22.0,6.0,9.0,0
1027,3.9,15.8,26.0,11.0,9.0,0
1028,8.3,12.9,17.0,7.0,11.0,1
1029,6.3,17.5,44.0,22.0,20.0,0
1030,8.4,18.8,41.0,24.0,26.0,0
1031,7.0,18.5,31.0,13.0,15.0,1
1032,12.3,15.9,31.0,6.0,15.0,0
1033,7.3,17.9,48.0,20.0,28.0,1
1034,12.8,18.9,50.0,20.0,33.0,1
1035,12.8,19.0,46.0,26.0,15.0,1
1036,9.4,19.3,28.0,13.0,9.0,0
1037,10.5,22.3,35.0,15.0,22.0,0
1038,12.6,20.9,20.0,6.0,17.0,0
1039,10.6,22.4,41.0,6.0,20.0,0
1040,16.4,21.7,59.0,15.0,17.0,0
1041,5.4,19.8,44.0,9.0,20.0,0
1042,5.1,18.8,33.0,19.0,19.0,0
1043,4.5,18.2,31.0,13.0,15.0,0
1044,7.0,21.7,39.0,15.0,22.0,0
1045,12.2,23.5,37.0,11.0,9.0,1
1046,7.5,17.6,41.0,17.0,22.0,0
1047,10.1,17.2,41.0,22.0,28.0,0
1048,10.2,18.3,48.0,19.0,24.0,0
1049,10.9,18.6,41.0,24.0,28.0,0
1050,9.6,18.6,30.0,13.0,22.0,1
1051,10.7,18.8,26.0,15.0,15.0,1
1052,11.8,19.0,41.0,22.0,30.0,1
1053,10.2,17.5,35.0,20.0,17.0,1
1054,14.2,17.9,50.0,20.0,17.0,1
1055,12.3,22.4,20.0,7.0,9.0,0
1056,12.0,25.3,30.0,13.0,13.0,0
1057,17.6,24.4,44.0,24.0,9.0,1
1058,4.9,20.1,74.0,31.0,35.0,0
1059,8.1,19.0,33.0,20.0,13.0,0
1060,6.4,20.3,30.0,13.0,11.0,0
1061,5.9,17.5,35.0,15.0,22.0,0
1062,5.2,18.2,46.0,19.0,22.0,0
1063,4.1,17.2,20.0,7.0,13.0,0
1064,5.4,20.8,39.0,9.0,26.0,1
1065,14.4,19.1,43.0,20.0,20.0,1
1066,16.3,21.7,41.0,11.0,19.0,0
1067,7.9,19.8,46.0,17.0,19.0,0
1068,8.2,19.5,35.0,13.0,17.0,0
1069,8.5,23.8,52.0,22.0,22.0,0
1070,6.5,20.1,24.0,11.0,17.0,0
1071,8.0,17.3,33.0,20.0,11.0,0
1072,17.3,22.1,35.0,9.0,9.0,0
1073,5.0,17.7,35.0,19.0,13.0,0
1074,3.1,17.6,26.0,13.0,13.0,1
1075,10.2,17.1,48.0,20.0,17.0,0
1076,9.1,17.2,31.0,13.0,7.0,0
1077,8.6,19.7,30.0,9.0,17.0,0
1078,5.3,19.9,39.0,9.0,17.0,0
1079,6.3,21.6,33.0,17.0,13.0,0
1080,5.2,18.7,33.0,17.0,17.0,0
1081,6.5,19.8,33.0,20.0,20.0,0
1082,7.5,20.0,24.0,17.0,11.0,0
1083,8.9,20.8,41.0,9.0,30.0,0
1084,11.8,24.7,37.0,24.0,22.0,0
1085,12.4,31.2,39.0,20.0,13.0,0
1086,16.8,21.6,35.0,24.0,11.0,1
1087,17.2,23.4,59.0,28.0,33.0,1
1088,18.3,27.9,50.0,26.0,30.0,0
1089,14.2,19.7,28.0,19.0,13.0,0
1090,8.2,20.7,35.0,17.0,13.0,0
1091,12.4,19.6,37.0,24.0,13.0,0
1092,9.2,22.7,39.0,24.0,24.0,1
1093,16.5,27.3,50.0,17.0,20.0,0
1094,9.9,20.7,35.0,20.0,15.0,0
1095,7.9,23.1,43.0,17.0,30.0,0
1096,16.1,22.7,33.0,9.0,11.0,0
1097,12.4,22.2,30.0,15.0,9.0,0
1098,11.5,24.5,52.0,20.0,28.0,0
1099,5.9,20.9,31.0,7.0,17.0,0
1100,8.3,19.5,37.0,26.0,13.0,0
1101,6.2,20.9,24.0,9.0,11.0,0
1102,13.8,17.1,33.0,19.0,17.0,1
1103,14.0,20.7,30.0,15.0,11.0,1
1104,14.5,22.0,43.0,20.0,9.0,0
1105,12.5,23.7,30.0,11.0,22.0,0
1106,14.9,23.4,39.0,9.0,28.0,0
1107,15.7,25.8,52.0,19.0,28.0,0
1108,12.3,24.7,35.0,17.0,15.0,0
1109,13.0,26.7,43.0,11.0,28.0,0
1110,16.6,25.3,24.0,11.0,13.0,1
1111,14.6,21.9,52.0,20.0,28.0,0
1112,13.3,20.0,39.0,26.0,15.0,0
1113,13.6,19.2,56.0,20.0,17.0,1
1114,16.2,19.5,61.0,28.0,35.0,1
1115,17.8,21.7,52.0,28.0,30.0,1
1116,17.0,22.5,37.0,20.0,26.0,1
1117,15.6,26.6,37.0,15.0,15.0,1
1118,14.7,19.6,35.0,19.0,20.0,1
1119,14.5,19.2,46.0,20.0,28.0,1
1120,15.2,21.5,50.0,28.0,6.0,1
1121,15.8,22.8,39.0,24.0,24.0,0
1122,13.7,23.4,54.0,19.0,41.0,0
1123,16.3,26.0,50.0,13.0,35.0,0
1124,18.8,23.6,61.0,24.0,37.0,1
1125,13.9,20.8,52.0,15.0,13.0,0
1126,4.3,18.7,31.0,19.0,17.0,0
1127,8.6,23.0,48.0,17.0,35.0,0
1128,10.0,22.3,41.0,28.0,28.0,1
1129,15.4,21.3,28.0,17.0,13.0,0
1130,14.3,23.4,48.0,13.0,35.0,0
1131,13.5,23.3,37.0,15.0,26.0,0
1132,14.8,22.7,39.0,26.0,13.0,1
1133,15.4,20.6,33.0,13.0,20.0,1
1134,14.6,22.3,35.0,7.0,17.0,0
1135,15.1,25.0,41.0,7.0,28.0,0
1136,17.2,22.8,33.0,20.0,15.0,1
1137,15.9,23.5,28.0,9.0,19.0,0
1138,17.8,24.8,54.0,22.0,37.0,0
1139,19.1,24.5,52.0,22.0,39.0,0
1140,18.9,22.2,41.0,17.0,26.0,1
1141,14.3,22.1,24.0,11.0,15.0,0
1142,9.6,22.6,24.0,13.0,19.0,0
1143,14.8,22.6,41.0,13.0,26.0,1
1144,15.2,21.0,67.0,15.0,20.0,1
1145,12.4,23.2,39.0,9.0,30.0,0
1146,17.8,26.6,57.0,24.0,39.0,0
1147,17.8,25.0,43.0,15.0,28.0,0
1148,17.4,25.4,52.0,20.0,39.0,0
1149,18.6,25.0,30.0,11.0,15.0,1
1150,15.5,26.2,56.0,11.0,39.0,0
1151,20.7,26.7,57.0,22.0,39.0,0
1152,19.9,28.0,57.0,20.0,43.0,0
1153,20.2,27.4,61.0,28.0,44.0,0
1154,18.9,25.2,39.0,9.0,11.0,1
1155,17.4,20.6,39.0,17.0,22.0,1
1156,17.6,21.2,22.0,9.0,6.0,1
1157,17.7,23.3,50.0,15.0,35.0,1
1158,15.8,23.4,41.0,24.0,20.0,0
1159,13.4,23.0,22.0,13.0,13.0,0
1160,16.7,24.5,30.0,17.0,19.0,0
1161,19.7,24.9,39.0,22.0,20.0,1
1162,17.1,24.9,35.0,7.0,26.0,0
1163,15.5,25.4,41.0,17.0,24.0,0
1164,15.5,25.2,46.0,17.0,24.0,1
1165,18.5,25.7,48.0,19.0,33.0,0
1166,17.5,25.9,52.0,28.0,31.0,0
1167,19.1,24.5,37.0,7.0,15.0,1
1168,18.7,25.0,31.0,15.0,22.0,0
1169,19.2,25.0,41.0,6.0,30.0,1
1170,19.4,23.4,22.0,11.0,11.0,1
1171,17.4,25.8,28.0,11.0,13.0,0
1172,17.6,26.1,26.0,13.0,13.0,1
1173,20.3,26.3,44.0,24.0,30.0,0
1174,21.8,29.1,63.0,28.0,44.0,0
1175,21.6,33.2,50.0,20.0,26.0,1
1176,21.7,25.3,26.0,6.0,13.0,1
1177,20.6,27.1,30.0,13.0,13.0,0
1178,19.4,26.4,50.0,15.0,19.0,1
1179,19.8,26.3,35.0,22.0,19.0,1
1180,18.5,26.9,28.0,7.0,17.0,0
1181,20.1,29.8,35.0,7.0,11.0,1
1182,19.4,25.5,65.0,17.0,20.0,0
1183,18.0,23.7,33.0,7.0,13.0,0
1184,17.2,22.9,48.0,7.0,30.0,1
1185,17.0,26.3,63.0,11.0,41.0,0
1186,9.6,25.0,37.0,13.0,28.0,0
1187,16.2,27.0,33.0,11.0,17.0,1
1188,18.0,23.2,24.0,15.0,9.0,1
1189,19.9,24.7,46.0,28.0,31.0,1
1190,19.5,24.4,31.0,20.0,13.0,1
1191,19.9,28.3,39.0,13.0,20.0,1
1192,21.5,25.3,41.0,9.0,24.0,1
1193,18.5,22.5,50.0,20.0,11.0,1
1194,17.7,25.5,24.0,15.0,15.0,0
1195,15.9,26.6,24.0,6.0,17.0,0
1196,18.6,27.1,22.0,7.0,15.0,0
1197,17.8,27.1,52.0,6.0,31.0,0
1198,23.5,30.9,57.0,20.0,41.0,0
1199,22.2,27.6,46.0,15.0,20.0,0
1200,22.7,27.3,50.0,30.0,31.0,0
1201,19.2,25.8,48.0,9.0,20.0,1
1202,18.4,26.6,56.0,7.0,17.0,1
1203,20.0,26.8,33.0,20.0,28.0,1
1204,21.8,25.2,54.0,26.0,33.0,1
1205,22.6,26.3,44.0,26.0,24.0,1
1206,22.2,26.2,48.0,19.0,22.0,1
1207,21.1,27.1,31.0,11.0,19.0,1
1208,20.9,27.0,35.0,11.0,26.0,0
1209,19.5,27.1,35.0,9.0,22.0,0
1210,17.2,27.0,26.0,13.0,17.0,0
1211,17.4,27.3,31.0,9.0,17.0,0
1212,21.4,26.8,35.0,20.0,13.0,0
1213,21.0,28.5,59.0,9.0,17.0,1
1214,19.8,26.0,41.0,28.0,15.0,0
1215,18.9,27.0,30.0,19.0,17.0,0
1216,16.4,27.6,35.0,11.0,20.0,1
1217,16.7,26.3,28.0,20.0,17.0,0
1218,16.6,28.7,54.0,15.0,37.0,0
1219,19.9,29.1,57.0,11.0,39.0,0
1220,22.9,28.1,56.0,24.0,39.0,0
1221,22.6,30.2,57.0,24.0,43.0,0
1222,22.3,26.7,50.0,17.0,39.0,1
1223,19.1,26.6,35.0,24.0,20.0,1
1224,17.8,27.2,35.0,11.0,17.0,0
1225,19.3,30.0,56.0,15.0,39.0,0
1226,23.4,32.2,61.0,26.0,39.0,0
1227,23.9,32.3,61.0,13.0,37.0,0
1228,25.2,32.6,50.0,28.0,35.0,0
1229,22.6,30.4,44.0,9.0,26.0,0
1230,24.0,32.5,59.0,24.0,43.0,0
1231,24.3,33.7,67.0,24.0,43.0,1
1232,18.4,23.3,54.0,30.0,22.0,0
1233,18.1,22.5,35.0,17.0,15.0,0
1234,18.5,24.8,44.0,22.0,28.0,1
1235,20.3,29.8,43.0,9.0,33.0,0
1236,23.0,27.9,33.0,9.0,13.0,1
1237,20.6,23.2,44.0,24.0,19.0,1
1238,19.2,26.4,33.0,19.0,24.0,1
1239,18.8,27.2,35.0,11.0,9.0,0
1240,20.5,28.0,37.0,7.0,26.0,0
1241,20.3,28.6,31.0,7.0,20.0,0
1242,20.3,29.9,48.0,13.0,35.0,0
1243,22.0,32.5,35.0,7.0,22.0,1
1244,23.4,26.2,56.0,15.0,28.0,1
1245,18.7,23.7,59.0,24.0,41.0,1
1246,16.4,24.3,57.0,24.0,30.0,0
1247,17.9,25.9,37.0,19.0,22.0,0
1248,16.2,27.2,28.0,2.0,19.0,0
1249,19.9,29.5,37.0,19.0,28.0,0
1250,19.8,31.7,50.0,11.0,33.0,0
1251,22.1,29.9,41.0,9.0,22.0,1
1252,21.2,32.4,98.0,24.0,30.0,1
1253,20.1,27.3,39.0,20.0,20.0,1
1254,20.4,25.8,28.0,7.0,6.0,1
1255,20.3,26.0,30.0,6.0,11.0,1
1256,20.4,22.3,70.0,22.0,31.0,1
1257,17.3,24.3,48.0,20.0,26.0,1
1258,16.4,24.8,31.0,13.0,19.0,1
1259,17.9,25.2,33.0,11.0,24.0,0
1260,18.6,26.6,37.0,13.0,24.0,0
1261,18.3,28.8,44.0,11.0,31.0,0
1262,19.1,28.6,50.0,22.0,35.0,0
1263,19.7,27.6,41.0,13.0,24.0,0
1264,18.9,27.5,33.0,4.0,17.0,0
1265,20.0,27.3,46.0,13.0,33.0,0
1266,19.7,27.9,22.0,11.0,13.0,0
1267,19.1,26.4,24.0,4.0,17.0,0
1268,20.2,23.4,24.0,15.0,9.0,1
1269,19.0,25.5,26.0,9.0,11.0,1
1270,20.4,26.4,26.0,13.0,15.0,0
1271,18.5,29.5,20.0,7.0,13.0,0
1272,16.8,26.5,54.0,28.0,33.0,0
1273,18.5,24.7,48.0,28.0,30.0,1
1274,17.3,25.1,33.0,15.0,22.0,1
1275,18.0,26.3,28.0,6.0,20.0,0
1276,15.4,23.4,48.0,28.0,15.0,0
1277,12.8,22.6,30.0,15.0,17.0,0
1278,12.3,22.2,19.0,4.0,9.0,1
1279,14.7,23.5,48.0,11.0,26.0,0
1280,16.0,22.3,56.0,30.0,39.0,0
1281,14.6,22.0,50.0,35.0,24.0,0
1282,8.9,21.7,35.0,15.0,15.0,0
1283,11.2,22.6,35.0,15.0,7.0,0
1284,12.2,21.2,31.0,7.0,24.0,1
1285,12.1,19.8,59.0,26.0,26.0,0
1286,5.2,19.3,20.0,11.0,9.0,0
1287,5.9,19.6,30.0,11.0,20.0,0
1288,5.1,21.6,24.0,11.0,7.0,0
1289,6.4,19.5,33.0,20.0,9.0,0
1290,9.2,19.9,39.0,20.0,22.0,0
1291,6.5,20.2,20.0,7.0,9.0,0
1292,6.2,21.0,31.0,13.0,20.0,0
1293,11.8,21.6,39.0,20.0,24.0,1
1294,13.7,21.7,26.0,17.0,11.0,0
1295,10.4,21.1,26.0,6.0,11.0,1
1296,11.3,22.2,24.0,6.0,17.0,0
1297,11.2,20.6,35.0,4.0,15.0,0
1298,16.1,18.8,43.0,13.0,19.0,1
1299,10.5,21.8,39.0,7.0,17.0,0
1300,8.8,17.8,61.0,19.0,43.0,1
1301,12.2,19.7,56.0,30.0,28.0,0
1302,8.9,20.6,31.0,11.0,19.0,0
1303,12.6,19.5,31.0,20.0,13.0,0
1304,8.5,19.4,46.0,13.0,13.0,1
1305,11.2,14.2,48.0,15.0,15.0,1
1306,5.8,19.4,43.0,6.0,19.0,1
1307,13.6,20.1,76.0,35.0,41.0,1
1308,15.0,19.1,57.0,26.0,39.0,1
1309,10.5,20.9,41.0,15.0,15.0,0
1310,7.5,21.5,19.0,6.0,11.0,0
1311,8.9,20.1,19.0,7.0,11.0,0
1312,9.7,20.1,35.0,9.0,19.0,0
1313,5.3,19.1,41.0,9.0,20.0,0
1314,7.2,16.6,41.0,24.0,17.0,1
1315,12.6,15.6,57.0,22.0,20.0,1
1316,11.8,19.3,48.0,11.0,15.0,1
1317,6.2,19.2,37.0,13.0,9.0,0
1318,4.3,18.1,26.0,4.0,11.0,0
1319,5.3,21.0,35.0,13.0,20.0,0
1320,8.0,17.9,37.0,26.0,17.0,0
1321,2.7,19.3,19.0,7.0,9.0,0
1322,5.6,18.7,22.0,13.0,13.0,0
1323,8.5,17.1,39.0,11.0,19.0,1
1324,12.8,18.4,46.0,17.0,22.0,1
1325,12.4,17.5,50.0,24.0,26.0,1
1326,12.6,18.6,37.0,20.0,19.0,1
1327,10.3,21.1,30.0,9.0,19.0,0
1328,8.6,23.3,31.0,15.0,15.0,0
1329,11.2,20.6,41.0,9.0,17.0,0
1330,3.3,17.0,33.0,9.0,11.0,0
1331,7.2,20.0,37.0,9.0,24.0,0
1332,0.6,18.7,28.0,7.0,17.0,0
1333,0.8,17.5,20.0,9.0,13.0,0
1334,2.5,20.7,28.0,2.0,13.0,0
1335,1.7,17.9,17.0,7.0,7.0,0
1336,3.5,16.6,15.0,4.0,9.0,1
1337,9.3,16.1,31.0,17.0,17.0,0
1338,10.1,16.4,46.0,20.0,11.0,1
1339,10.9,14.8,31.0,15.0,19.0,1
1340,9.7,18.2,28.0,17.0,11.0,0
1341,9.2,19.2,19.0,6.0,7.0,0
1342,5.9,17.9,39.0,9.0,11.0,0
1343,6.2,20.8,59.0,20.0,30.0,0
1344,14.3,20.5,57.0,30.0,28.0,0
1345,13.0,18.4,56.0,37.0,31.0,0
1346,9.9,17.7,37.0,20.0,15.0,0
1347,4.9,19.7,22.0,2.0,11.0,0
1348,10.0,20.9,30.0,19.0,15.0,0
1349,4.9,18.1,33.0,13.0,17.0,0
1350,6.7,18.6,37.0,22.0,17.0,0
1351,5.1,19.1,24.0,7.0,17.0,0
1352,6.0,19.4,26.0,7.0,13.0,0
1353,7.9,20.6,28.0,11.0,17.0,0
1354,5.6,19.7,37.0,6.0,11.0,0
1355,6.6,20.8,33.0,6.0,24.0,0
1356,8.5,21.3,37.0,9.0,28.0,0
1357,8.6,21.7,41.0,11.0,28.0,0
1358,10.6,22.1,43.0,17.0,26.0,0
1359,10.8,23.3,33.0,19.0,22.0,0
1360,12.7,22.5,44.0,17.0,13.0,1
1361,10.8,20.0,35.0,11.0,13.0,0
1362,6.2,17.7,33.0,13.0,9.0,1
1363,3.2,17.4,30.0,7.0,15.0,1
1364,7.2,20.2,56.0,22.0,41.0,0
1365,9.6,20.0,57.0,13.0,20.0,1
1366,6.3,19.1,37.0,17.0,20.0,0
1367,9.4,19.4,28.0,9.0,20.0,1
1368,11.1,17.4,54.0,9.0,26.0,0
1369,14.6,19.0,52.0,24.0,22.0,0
1370,4.2,18.2,28.0,7.0,9.0,0
1371,7.5,19.6,56.0,30.0,22.0,1
1372,12.0,19.5,54.0,20.0,26.0,1
1373,11.8,19.3,54.0,26.0,35.0,1
1374,12.6,17.9,43.0,17.0,28.0,1
1375,13.1,20.2,39.0,19.0,28.0,0
1376,11.9,20.3,26.0,13.0,19.0,0
1377,9.2,21.7,17.0,4.0,11.0,0
1378,12.0,17.4,30.0,13.0,20.0,1
1379,12.2,20.9,35.0,17.0,15.0,0
1380,11.1,22.7,43.0,6.0,9.0,1
1381,11.7,20.7,56.0,7.0,11.0,1
1382,12.5,19.9,48.0,35.0,31.0,0
1383,11.9,19.4,35.0,20.0,15.0,0
1384,10.3,20.7,30.0,9.0,19.0,0
1385,10.2,20.8,39.0,6.0,28.0,0
1386,11.2,22.5,44.0,24.0,31.0,0
1387,11.6,24.9,35.0,17.0,26.0,0
1388,10.9,21.7,35.0,17.0,11.0,0
1389,15.4,18.2,43.0,20.0,9.0,1
1390,8.6,19.0,57.0,24.0,33.0,0
1391,6.0,19.4,26.0,9.0,15.0,0
1392,7.2,19.0,59.0,31.0,20.0,0
1393,6.6,20.6,39.0,6.0,30.0,0
1394,6.1,22.2,30.0,9.0,17.0,0
1395,11.7,28.6,28.0,13.0,15.0,0
1396,10.2,32.2,33.0,19.0,20.0,0
1397,15.4,23.6,44.0,19.0,15.0,0
1398,13.0,29.4,63.0,26.0,30.0,0
1399,10.7,21.2,43.0,26.0,15.0,0
1400,9.3,23.1,46.0,15.0,28.0,0
1401,12.1,27.8,39.0,24.0,26.0,0
1402,12.9,22.4,37.0,22.0,7.0,1
1403,16.0,19.2,72.0,15.0,20.0,1
1404,12.9,20.8,63.0,35.0,35.0,1
1405,10.3,20.6,30.0,20.0,15.0,0
1406,10.3,22.3,50.0,22.0,26.0,1
1407,15.9,21.0,52.0,22.0,19.0,0
1408,8.2,21.6,41.0,13.0,24.0,0
1409,8.0,20.8,50.0,7.0,17.0,1
1410,10.8,18.4,52.0,28.0,17.0,1
1411,11.4,18.9,52.0,28.0,37.0,0
1412,11.7,21.2,54.0,26.0,33.0,0
1413,9.6,19.9,28.0,19.0,15.0,0
1414,12.7,20.4,31.0,9.0,19.0,0
1415,13.3,21.1,24.0,13.0,13.0,1
1416,13.9,22.4,31.0,4.0,9.0,1
1417,11.5,22.9,33.0,6.0,20.0,0
1418,12.0,22.1,30.0,7.0,20.0,0
1419,9.9,23.7,28.0,9.0,17.0,0
1420,11.6,23.0,37.0,13.0,26.0,1
1421,16.5,19.4,37.0,20.0,15.0,1
1422,15.7,21.1,30.0,11.0,13.0,1
1423,16.9,21.4,30.0,9.0,19.0,0
1424,12.5,25.2,30.0,6.0,13.0,1
1425,15.9,21.9,44.0,17.0,31.0,0
1426,14.6,20.6,41.0,20.0,24.0,0
1427,13.1,21.4,31.0,20.0,15.0,0
1428,10.6,22.4,30.0,6.0,22.0,0
1429,13.2,23.3,44.0,13.0,31.0,0
1430,13.4,24.0,46.0,20.0,31.0,0
1431,13.9,23.9,48.0,22.0,35.0,0
1432,13.9,25.7,57.0,24.0,43.0,0
1433,16.2,29.4,50.0,19.0,33.0,1
1434,17.2,19.4,50.0,24.0,28.0,1
1435,14.6,20.5,37.0,24.0,15.0,1
1436,15.7,23.7,26.0,9.0,19.0,0
1437,15.3,26.1,50.0,17.0,35.0,0
1438,17.7,26.5,39.0,15.0,26.0,1
1439,17.5,22.7,56.0,35.0,35.0,0
1440,15.3,22.4,33.0,24.0,17.0,0
1441,14.8,24.6,41.0,9.0,30.0,0
1442,17.2,23.4,37.0,13.0,17.0,1
1443,16.5,22.7,24.0,15.0,9.0,0
1444,15.0,24.3,50.0,11.0,33.0,0
1445,15.7,27.2,56.0,11.0,39.0,0
1446,19.5,27.5,44.0,6.0,31.0,0
1447,17.7,27.1,56.0,17.0,35.0,0
1448,18.9,28.8,46.0,17.0,28.0,0
1449,18.3,31.5,33.0,17.0,28.0,0
1450,18.7,23.7,41.0,28.0,24.0,0
1451,18.4,24.7,43.0,4.0,26.0,0
1452,20.0,24.7,46.0,9.0,6.0,1
1453,18.1,27.3,50.0,19.0,37.0,0
1454,17.6,25.1,35.0,19.0,26.0,0
1455,18.2,29.0,54.0,13.0,35.0,0
1456,20.6,24.9,28.0,15.0,15.0,0
1457,18.8,27.9,37.0,9.0,28.0,0
1458,19.1,28.2,57.0,19.0,39.0,0
1459,21.0,30.0,57.0,35.0,39.0,0
1460,21.2,26.9,37.0,24.0,17.0,0
1461,18.9,23.6,48.0,7.0,19.0,1
1462,17.1,22.0,41.0,22.0,26.0,1
1463,18.0,24.4,44.0,19.0,24.0,1
1464,20.9,27.5,48.0,26.0,26.0,0
1465,17.9,33.6,37.0,20.0,20.0,0
1466,19.6,25.9,39.0,20.0,13.0,0
1467,21.5,27.2,43.0,15.0,30.0,0
1468,21.2,27.6,56.0,15.0,39.0,0
1469,19.6,20.1,61.0,33.0,33.0,1
1470,15.6,23.2,52.0,35.0,31.0,0
1471,14.9,22.3,39.0,19.0,15.0,0
1472,13.3,25.2,41.0,13.0,31.0,1
1473,14.9,19.6,50.0,28.0,28.0,0
1474,15.2,20.2,39.0,22.0,17.0,0
1475,13.1,22.8,37.0,19.0,13.0,1
1476,16.6,24.4,35.0,19.0,20.0,0
1477,16.6,24.0,28.0,15.0,19.0,0
1478,16.6,25.3,54.0,9.0,19.0,1
1479,14.9,24.0,35.0,15.0,24.0,0
1480,17.5,23.6,35.0,20.0,24.0,1
1481,15.6,22.4,33.0,19.0,20.0,0
1482,16.0,24.2,35.0,17.0,26.0,0
1483,16.1,23.7,37.0,20.0,24.0,0
1484,13.4,23.8,31.0,13.0,19.0,0
1485,16.6,27.2,54.0,17.0,43.0,0
1486,19.6,27.5,46.0,7.0,22.0,0
1487,19.7,25.9,37.0,22.0,19.0,1
1488,19.3,24.8,26.0,11.0,13.0,0
1489,17.9,26.4,30.0,9.0,22.0,1
1490,19.0,26.0,31.0,15.0,20.0,1
1491,17.7,26.1,28.0,17.0,19.0,0
1492,16.4,25.9,26.0,11.0,19.0,0
1493,19.6,27.7,72.0,20.0,41.0,0
1494,17.6,25.8,56.0,28.0,35.0,0
1495,18.1,25.5,57.0,30.0,35.0,0
1496,17.8,25.9,44.0,30.0,28.0,1
1497,17.1,24.4,37.0,17.0,20.0,1
1498,16.9,25.4,26.0,15.0,17.0,0
1499,15.7,25.8,31.0,9.0,20.0,0
1500,17.0,26.3,44.0,13.0,31.0,0
1501,19.6,28.6,56.0,24.0,39.0,0
1502,21.3,26.5,31.0,9.0,17.0,0
1503,18.4,27.6,56.0,7.0,30.0,0
1504,18.3,26.1,28.0,15.0,15.0,0
1505,21.4,29.2,61.0,19.0,43.0,1
1506,23.5,30.8,41.0,7.0,13.0,1
1507,21.1,27.7,30.0,7.0,22.0,0
1508,19.5,31.8,48.0,11.0,17.0,0
1509,17.0,24.6,63.0,30.0,30.0,0
1510,15.7,25.2,31.0,15.0,20.0,0
1511,17.8,26.7,41.0,22.0,26.0,0
1512,18.0,25.2,39.0,13.0,11.0,1
1513,18.5,25.8,48.0,24.0,28.0,1
1514,19.3,25.0,50.0,28.0,28.0,1
1515,20.0,26.6,33.0,20.0,22.0,0
1516,21.0,27.7,37.0,20.0,26.0,0
1517,20.4,27.5,41.0,26.0,20.0,0
1518,19.9,27.2,33.0,20.0,17.0,0
1519,19.7,26.4,50.0,28.0,31.0,1
1520,20.0,24.4,52.0,35.0,30.0,1
1521,20.6,25.8,43.0,7.0,20.0,1
1522,21.3,23.5,57.0,26.0,30.0,1
1523,21.1,25.3,37.0,22.0,13.0,1
1524,20.4,25.0,28.0,17.0,13.0,1
1525,19.9,26.1,43.0,4.0,19.0,1
1526,21.4,26.8,54.0,22.0,26.0,0
1527,23.2,30.8,48.0,24.0,26.0,1
1528,19.6,26.7,35.0,9.0,22.0,0
1529,18.7,25.2,20.0,9.0,11.0,0
1530,17.3,26.9,20.0,7.0,13.0,0
1531,17.6,26.8,24.0,13.0,15.0,0
1532,18.6,28.0,26.0,7.0,13.0,1
1533,22.6,27.5,41.0,11.0,19.0,1
1534,20.0,27.1,41.0,20.0,24.0,1
1535,20.1,26.6,35.0,22.0,22.0,0
1536,18.0,26.0,30.0,4.0,20.0,1
1537,19.7,28.2,61.0,15.0,33.0,1
1538,18.1,26.7,98.0,15.0,19.0,1
1539,18.7,26.6,56.0,11.0,9.0,0
1540,17.8,25.8,35.0,24.0,24.0,0
1541,19.2,26.4,30.0,19.0,19.0,0
1542,17.2,25.8,26.0,15.0,15.0,0
1543,17.2,26.3,30.0,7.0,19.0,0
1544,16.7,27.4,30.0,6.0,17.0,0
1545,17.2,27.2,22.0,7.0,15.0,0
1546,20.6,28.9,50.0,9.0,26.0,1
1547,21.0,27.6,50.0,15.0,30.0,0
1548,19.8,25.9,30.0,13.0,11.0,0
1549,19.4,25.9,26.0,15.0,13.0,0
1550,17.6,26.5,30.0,15.0,22.0,0
1551,19.3,27.4,26.0,13.0,17.0,0
1552,19.6,27.4,35.0,11.0,17.0,0
1553,18.9,27.4,43.0,17.0,31.0,0
1554,21.4,30.2,56.0,19.0,37.0,0
1555,20.3,30.9,33.0,4.0,15.0,0
1556,19.9,25.5,48.0,26.0,33.0,1
1557,19.0,22.8,39.0,13.0,9.0,1
1558,19.3,26.5,35.0,9.0,17.0,0
1559,22.4,30.5,50.0,17.0,31.0,1
1560,18.7,23.3,54.0,26.0,26.0,1
1561,17.9,24.3,54.0,28.0,31.0,0
1562,13.4,26.8,50.0,7.0,33.0,0
1563,14.3,27.2,28.0,11.0,17.0,0
1564,14.6,27.0,30.0,13.0,20.0,1
1565,19.6,25.3,28.0,11.0,15.0,0
1566,17.7,22.2,22.0,13.0,9.0,1
1567,18.0,25.4,26.0,7.0,9.0,1
1568,19.3,26.9,33.0,13.0,22.0,0
1569,19.8,27.3,44.0,11.0,17.0,0
1570,20.2,25.3,63.0,35.0,39.0,1
1571,17.3,25.0,57.0,30.0,35.0,1
1572,20.5,26.2,43.0,20.0,20.0,1
1573,19.5,23.3,30.0,9.0,9.0,1
1574,19.5,25.2,26.0,13.0,11.0,0
1575,19.4,28.4,30.0,6.0,17.0,0
1576,16.0,23.3,35.0,19.0,20.0,0
1577,17.4,24.9,28.0,15.0,13.0,1
1578,17.4,24.0,19.0,11.0,9.0,0
1579,14.9,24.9,37.0,6.0,13.0,1
1580,17.0,24.7,35.0,6.0,20.0,0
1581,14.3,24.7,20.0,9.0,15.0,0
1582,16.0,25.0,33.0,11.0,17.0,1
1583,16.1,25.0,33.0,17.0,24.0,0
1584,16.6,25.7,39.0,20.0,26.0,0
1585,18.2,26.1,56.0,19.0,19.0,0
1586,14.9,26.5,35.0,20.0,24.0,0
1587,15.3,25.4,24.0,13.0,13.0,0
1588,15.4,25.6,28.0,17.0,17.0,0
1589,16.2,24.9,26.0,17.0,15.0,0
1590,14.5,26.6,28.0,6.0,17.0,0
1591,18.2,26.3,43.0,7.0,30.0,0
1592,18.3,27.0,48.0,17.0,22.0,1
1593,14.6,21.0,54.0,37.0,35.0,0
1594,14.8,22.2,52.0,37.0,35.0,1
1595,14.5,22.7,54.0,20.0,19.0,0
1596,15.1,23.3,33.0,22.0,20.0,1
1597,17.9,23.5,35.0,13.0,17.0,1
1598,17.2,23.8,24.0,13.0,7.0,0
1599,17.7,24.8,31.0,19.0,9.0,1
1600,17.5,19.8,35.0,13.0,13.0,1
1601,16.6,22.7,30.0,13.0,11.0,1
1602,17.7,24.4,37.0,24.0,15.0,1
1603,17.9,25.9,37.0,15.0,26.0,1
1604,15.0,25.4,26.0,4.0,15.0,0
1605,17.1,28.4,43.0,6.0,26.0,1
1606,15.8,19.7,28.0,9.0,15.0,1
1607,15.7,23.3,56.0,28.0,30.0,1
1608,15.3,21.3,43.0,17.0,30.0,1
1609,13.7,21.8,28.0,13.0,6.0,1
1610,12.9,22.6,30.0,13.0,15.0,0
1611,15.3,24.5,28.0,11.0,7.0,1
1612,13.9,21.8,37.0,17.0,20.0,0
1613,14.8,22.2,37.0,26.0,17.0,0
1614,9.2,22.2,28.0,7.0,11.0,0
1615,8.7,21.2,19.0,2.0,11.0,0
1616,10.1,21.4,30.0,15.0,9.0,0
1617,9.1,23.0,17.0,6.0,7.0,0
1618,11.6,24.9,24.0,11.0,17.0,0
1619,11.0,25.7,54.0,7.0,9.0,1
1620,8.3,21.3,33.0,13.0,13.0,0
1621,7.9,18.7,37.0,19.0,22.0,0
1622,6.8,20.3,31.0,19.0,20.0,0
1623,6.9,21.1,37.0,17.0,19.0,1
1624,9.0,20.8,28.0,13.0,13.0,0
1625,8.1,21.1,19.0,7.0,11.0,0
1626,8.3,21.7,19.0,2.0,13.0,0
1627,8.6,21.2,28.0,4.0,17.0,0
1628,9.0,21.3,22.0,11.0,13.0,0
1629,11.7,23.1,26.0,9.0,13.0,0
1630,13.5,23.9,48.0,13.0,24.0,0
1631,18.2,19.6,41.0,28.0,17.0,0
1632,5.9,19.2,30.0,6.0,20.0,0
1633,5.7,18.7,33.0,15.0,19.0,0
1634,11.1,20.0,52.0,30.0,37.0,0
1635,13.6,20.2,44.0,26.0,20.0,1
1636,13.6,17.0,39.0,24.0,20.0,1
1637,10.5,20.3,28.0,17.0,13.0,0
1638,11.6,19.6,17.0,4.0,11.0,1
1639,14.8,20.1,17.0,7.0,7.0,1
1640,12.1,21.4,26.0,4.0,6.0,0
1641,7.2,16.7,43.0,11.0,9.0,0
1642,5.9,18.2,67.0,39.0,39.0,0
1643,12.6,18.8,48.0,31.0,28.0,0
1644,8.2,18.1,33.0,20.0,20.0,0
1645,6.9,18.0,33.0,13.0,13.0,0
1646,8.9,15.8,41.0,17.0,22.0,1
1647,12.0,14.8,52.0,26.0,26.0,1
1648,13.0,18.4,54.0,30.0,20.0,1
1649,13.6,18.3,48.0,22.0,19.0,1
1650,13.2,19.9,37.0,22.0,19.0,0
1651,7.9,22.2,30.0,2.0,20.0,0
1652,9.0,20.8,37.0,9.0,11.0,0
1653,5.1,19.1,33.0,6.0,13.0,0
1654,6.3,18.1,46.0,4.0,11.0,0
1655,4.8,18.7,26.0,6.0,15.0,0
1656,2.4,19.5,30.0,6.0,17.0,0
1657,4.8,18.5,46.0,20.0,20.0,1
1658,3.5,18.3,37.0,11.0,13.0,0
1659,3.0,17.0,33.0,17.0,15.0,0
1660,2.9,17.5,41.0,13.0,20.0,0
1661,8.1,17.9,31.0,15.0,13.0,0
1662,8.0,18.4,22.0,7.0,7.0,1
1663,11.9,18.9,39.0,11.0,17.0,0
1664,13.9,22.7,44.0,19.0,22.0,1
1665,4.2,16.8,30.0,11.0,19.0,0
1666,9.5,18.3,20.0,11.0,7.0,1
1667,11.2,18.7,61.0,33.0,41.0,0
1668,12.3,17.2,69.0,31.0,39.0,1
1669,12.1,18.0,56.0,30.0,26.0,1
1670,11.2,18.9,48.0,28.0,24.0,0
1671,9.5,18.9,26.0,13.0,11.0,0
1672,5.7,17.8,41.0,19.0,22.0,0
1673,9.2,17.7,44.0,22.0,22.0,0
1674,4.0,17.0,31.0,13.0,17.0,0
1675,3.8,21.2,31.0,7.0,22.0,0
1676,4.0,22.9,33.0,13.0,11.0,0
1677,2.2,17.1,26.0,6.0,11.0,0
1678,3.1,20.3,28.0,6.0,15.0,0
1679,11.9,18.5,46.0,17.0,19.0,0
1680,5.5,19.8,24.0,6.0,13.0,0
1681,4.0,22.4,33.0,9.0,24.0,0
1682,3.9,18.7,26.0,9.0,15.0,0
1683,7.6,18.6,37.0,20.0,13.0,0
1684,8.0,19.7,26.0,4.0,17.0,0
1685,8.5,23.1,54.0,22.0,35.0,0
1686,5.1,19.1,37.0,26.0,15.0,0
1687,8.0,20.0,22.0,7.0,15.0,0
1688,5.4,23.7,39.0,11.0,28.0,0
1689,10.3,24.7,54.0,11.0,39.0,0
1690,8.2,21.4,39.0,11.0,24.0,0
1691,9.7,24.5,30.0,9.0,13.0,0
1692,9.9,23.3,46.0,15.0,30.0,0
1693,8.2,21.2,33.0,13.0,24.0,0
1694,11.4,24.1,50.0,15.0,30.0,1
1695,13.1,22.1,44.0,17.0,31.0,1
1696,11.2,25.2,31.0,9.0,15.0,0
1697,13.0,20.7,30.0,19.0,17.0,0
1698,15.4,22.1,30.0,11.0,17.0,0
1699,15.5,19.5,33.0,24.0,15.0,0
1700,11.1,20.6,28.0,17.0,15.0,0
1701,13.0,21.5,46.0,33.0,31.0,0
1702,8.6,22.0,37.0,13.0,26.0,0
1703,14.1,20.3,30.0,20.0,15.0,0
1704,10.9,24.5,43.0,19.0,30.0,0
1705,10.9,25.3,59.0,26.0,43.0,1
1706,8.9,21.0,37.0,13.0,20.0,1
1707,7.8,21.8,33.0,7.0,24.0,0
1708,11.4,25.8,56.0,17.0,41.0,0
1709,14.9,32.9,54.0,20.0,26.0,0
1710,17.1,24.2,76.0,26.0,28.0,0
1711,13.5,22.0,35.0,24.0,17.0,0
1712,15.1,22.8,48.0,31.0,30.0,1
1713,13.6,22.0,30.0,15.0,17.0,0
1714,13.5,23.4,28.0,7.0,19.0,0
1715,12.2,25.2,39.0,9.0,26.0,0
1716,16.1,26.7,52.0,20.0,39.0,0
1717,17.8,25.6,54.0,26.0,35.0,0
1718,19.5,27.1,65.0,30.0,46.0,0
1719,20.7,27.1,65.0,28.0,46.0,1
1720,14.4,22.1,41.0,20.0,26.0,0
1721,9.8,22.8,33.0,6.0,22.0,0
1722,13.6,26.5,54.0,9.0,33.0,0
1723,17.9,24.9,41.0,17.0,15.0,1
1724,13.7,23.4,50.0,30.0,30.0,0
1725,13.5,24.0,63.0,33.0,43.0,0
1726,20.5,28.0,61.0,24.0,35.0,0
1727,18.8,28.0,59.0,26.0,43.0,0
1728,20.7,28.1,44.0,24.0,28.0,0
1729,20.9,26.6,50.0,6.0,13.0,0
1730,19.0,27.3,30.0,9.0,17.0,1
1731,19.1,27.5,26.0,13.0,17.0,0
1732,18.1,33.9,63.0,20.0,46.0,0
1733,21.1,37.7,59.0,24.0,37.0,1
1734,20.5,21.5,57.0,26.0,37.0,1
1735,17.6,25.0,31.0,22.0,9.0,0
1736,17.0,27.6,44.0,20.0,30.0,0
1737,20.6,23.0,35.0,20.0,13.0,1
1738,20.2,25.9,35.0,22.0,24.0,1
1739,20.0,28.5,50.0,6.0,33.0,0
1740,21.5,28.4,33.0,15.0,17.0,1
1741,21.5,26.4,35.0,15.0,17.0,0
1742,22.0,23.4,31.0,9.0,13.0,1
1743,19.0,25.9,41.0,19.0,22.0,1
1744,20.5,24.4,48.0,24.0,30.0,1
1745,20.8,26.1,39.0,19.0,20.0,0
1746,18.9,25.7,35.0,11.0,19.0,1
1747,18.8,26.4,28.0,15.0,17.0,1
1748,18.0,25.3,31.0,19.0,11.0,0
1749,18.7,25.9,30.0,17.0,17.0,0
1750,18.9,27.3,65.0,15.0,44.0,0
1751,17.4,23.4,43.0,22.0,19.0,1
1752,16.7,24.0,31.0,9.0,17.0,1
1753,15.5,23.9,33.0,15.0,9.0,1
1754,19.8,27.6,30.0,7.0,17.0,0
1755,18.7,27.3,37.0,6.0,20.0,0
1756,19.9,27.0,35.0,19.0,13.0,1
1757,15.4,24.2,48.0,15.0,31.0,0
1758,17.2,25.4,28.0,15.0,15.0,0
1759,16.0,25.6,70.0,9.0,22.0,1
1760,13.2,23.4,30.0,15.0,15.0,1
1761,14.7,23.5,35.0,17.0,9.0,1
1762,15.3,22.6,31.0,13.0,17.0,1
1763,14.1,24.8,26.0,11.0,13.0,0
1764,14.7,22.8,26.0,17.0,9.0,0
1765,15.7,26.4,37.0,11.0,26.0,0
1766,10.6,25.4,20.0,9.0,13.0,0
1767,12.1,23.7,24.0,2.0,15.0,0
1768,14.5,26.0,31.0,7.0,24.0,0
1769,13.4,26.9,22.0,7.0,17.0,0
1770,15.2,25.4,33.0,7.0,24.0,0
1771,14.7,27.1,33.0,13.0,26.0,0
1772,12.5,21.6,39.0,22.0,22.0,1
1773,13.9,20.3,35.0,20.0,20.0,1
1774,11.5,21.8,50.0,15.0,17.0,0
1775,13.6,21.8,24.0,15.0,11.0,0
1776,13.1,24.2,35.0,2.0,17.0,0
1777,15.7,22.3,24.0,9.0,9.0,0
1778,10.7,19.9,20.0,15.0,6.0,0
1779,4.9,18.0,22.0,7.0,11.0,0
1780,5.4,22.7,20.0,9.0,11.0,0
1781,11.6,16.1,22.0,7.0,9.0,1
1782,12.0,21.4,35.0,17.0,15.0,0
1783,8.1,21.4,56.0,13.0,19.0,1
1784,14.1,20.7,31.0,9.0,19.0,0
1785,10.1,21.5,28.0,6.0,13.0,1
1786,13.8,19.2,67.0,31.0,33.0,0
1787,12.3,20.9,41.0,26.0,22.0,0
1788,9.2,21.6,20.0,7.0,13.0,0
1789,13.5,21.5,28.0,11.0,6.0,1
1790,5.3,18.8,33.0,7.0,13.0,0
1791,5.5,18.9,31.0,13.0,17.0,0
1792,6.6,18.0,50.0,24.0,31.0,0
1793,7.2,18.5,31.0,17.0,19.0,0
1794,7.3,18.5,28.0,11.0,9.0,0
1795,3.9,16.2,28.0,9.0,13.0,0
1796,4.5,20.1,69.0,7.0,13.0,1
1797,13.1,19.3,65.0,28.0,39.0,1
1798,13.8,18.2,52.0,31.0,35.0,0
1799,14.5,20.1,30.0,17.0,11.0,0
1800,4.3,17.1,31.0,13.0,24.0,0
1801,3.8,17.8,22.0,7.0,13.0,0
1802,5.0,18.1,46.0,24.0,19.0,1
1803,11.0,15.9,33.0,11.0,15.0,1
1804,9.2,20.1,24.0,2.0,17.0,0
1805,13.6,22.3,35.0,15.0,17.0,0
1806,11.4,23.2,41.0,6.0,31.0,0
1807,4.6,17.8,24.0,6.0,15.0,0
1808,8.3,17.6,28.0,4.0,17.0,0
1809,4.2,18.3,28.0,15.0,13.0,0
1810,6.2,19.1,63.0,33.0,33.0,0
1811,11.9,21.2,22.0,15.0,11.0,0
1812,4.9,20.1,30.0,7.0,17.0,0
1813,4.7,20.2,30.0,7.0,17.0,0
1814,4.4,23.5,28.0,4.0,13.0,0
1815,6.6,25.1,33.0,20.0,19.0,0
1816,10.4,28.7,46.0,13.0,26.0,0
1817,7.7,21.6,26.0,19.0,13.0,0
1818,9.2,21.4,33.0,9.0,13.0,0
1819,6.7,21.0,30.0,7.0,17.0,0
1820,6.0,22.7,30.0,15.0,17.0,0
1821,8.8,18.6,44.0,26.0,20.0,0
1822,4.2,17.2,37.0,20.0,17.0,0
1823,8.6,23.5,22.0,2.0,15.0,0
1824,8.2,22.5,24.0,9.0,13.0,0
1825,7.9,25.0,35.0,2.0,20.0,0
1826,14.4,22.0,26.0,17.0,15.0,0
1827,12.7,21.9,26.0,13.0,15.0,0
1828,12.0,21.5,22.0,13.0,15.0,0
1829,14.7,24.2,54.0,11.0,31.0,0
1830,14.0,29.0,48.0,26.0,28.0,0
1831,16.0,24.1,31.0,20.0,17.0,0
1832,15.9,23.4,39.0,22.0,22.0,1
1833,15.7,22.9,65.0,17.0,17.0,1
1834,16.4,23.6,52.0,19.0,31.0,0
1835,11.9,24.5,35.0,15.0,20.0,0
1836,11.9,27.8,46.0,28.0,35.0,0
1837,17.3,27.9,37.0,13.0,22.0,0
1838,12.1,28.4,63.0,26.0,39.0,0
1839,17.5,32.1,59.0,31.0,43.0,0
1840,15.5,24.5,50.0,19.0,24.0,0
1841,11.5,25.2,56.0,19.0,30.0,0
1842,15.2,23.2,50.0,11.0,20.0,1
1843,9.7,24.3,39.0,9.0,24.0,0
1844,20.4,32.0,41.0,28.0,20.0,0
1845,17.2,24.0,61.0,31.0,28.0,0
1846,11.4,21.8,31.0,24.0,17.0,0
1847,12.9,26.2,63.0,19.0,39.0,0
1848,18.5,28.8,56.0,22.0,41.0,0
1849,17.9,30.4,61.0,19.0,46.0,0
1850,15.6,25.7,61.0,24.0,44.0,0
1851,17.9,31.5,63.0,13.0,28.0,1
1852,15.6,23.3,52.0,37.0,33.0,0
1853,13.6,23.1,48.0,20.0,31.0,0
1854,16.5,23.0,28.0,19.0,19.0,0
1855,16.7,26.5,83.0,17.0,28.0,1
1856,17.9,26.5,59.0,20.0,39.0,1
1857,13.5,25.3,52.0,19.0,17.0,0
1858,17.3,25.0,31.0,24.0,17.0,0
1859,14.9,24.7,50.0,9.0,20.0,1
1860,15.6,23.6,57.0,31.0,37.0,0
1861,15.4,23.7,31.0,19.0,19.0,0
1862,19.2,28.7,61.0,22.0,43.0,0
1863,20.6,27.7,35.0,13.0,20.0,0
1864,19.5,26.3,37.0,9.0,11.0,0
1865,17.9,24.8,26.0,13.0,15.0,0
1866,15.8,25.5,26.0,13.0,17.0,0
1867,21.1,29.4,59.0,26.0,43.0,0
1868,19.7,24.5,43.0,24.0,26.0,0
1869,19.7,23.8,28.0,19.0,15.0,0
1870,17.2,26.7,33.0,9.0,19.0,0
1871,18.6,26.5,50.0,13.0,30.0,0
1872,21.8,31.2,31.0,7.0,13.0,0
1873,19.9,21.5,31.0,13.0,6.0,1
1874,17.3,22.4,35.0,17.0,17.0,1
1875,18.3,27.1,24.0,13.0,15.0,0
1876,17.8,28.1,33.0,9.0,24.0,0
1877,21.3,28.5,52.0,13.0,28.0,1
1878,17.0,27.2,31.0,7.0,13.0,0
1879,17.3,28.1,35.0,13.0,19.0,1
1880,17.7,20.5,52.0,31.0,20.0,1
1881,17.7,27.3,30.0,9.0,20.0,0
1882,18.2,27.9,35.0,13.0,26.0,1
1883,19.5,26.0,41.0,20.0,20.0,0
1884,21.3,27.5,31.0,4.0,19.0,0
1885,23.8,30.9,63.0,20.0,39.0,0
1886,17.8,25.7,31.0,20.0,19.0,1
1887,19.4,26.4,26.0,9.0,15.0,0
1888,18.6,28.8,52.0,20.0,35.0,0
1889,19.0,26.2,31.0,17.0,15.0,0
1890,16.6,25.9,30.0,7.0,15.0,0
1891,18.5,25.8,37.0,15.0,19.0,1
1892,17.2,26.0,28.0,6.0,17.0,0
1893,18.4,32.3,57.0,19.0,39.0,1
1894,17.1,25.7,26.0,17.0,15.0,0
1895,16.9,27.5,43.0,9.0,28.0,0
1896,17.5,24.4,15.0,7.0,9.0,1
1897,20.2,25.4,39.0,9.0,13.0,1
1898,19.2,26.2,26.0,9.0,17.0,1
1899,20.1,25.8,28.0,15.0,13.0,1
1900,18.6,26.1,28.0,2.0,19.0,0
1901,19.1,27.1,33.0,13.0,24.0,0
1902,17.6,24.7,33.0,20.0,20.0,0
1903,17.0,25.2,22.0,11.0,13.0,0
1904,16.8,25.1,54.0,15.0,19.0,0
1905,17.5,21.0,43.0,20.0,19.0,1
1906,16.6,23.6,43.0,19.0,28.0,0
1907,15.6,24.4,48.0,19.0,24.0,0
1908,13.0,24.6,24.0,4.0,11.0,0
1909,14.4,28.2,37.0,9.0,26.0,0
1910,15.8,27.3,37.0,9.0,26.0,0
1911,17.7,25.2,50.0,20.0,35.0,1
1912,14.8,23.5,39.0,6.0,26.0,0
1913,15.8,23.0,35.0,19.0,9.0,0
1914,16.4,38.7,54.0,15.0,28.0,0
1915,22.3,30.3,30.0,19.0,15.0,0
1916,21.2,33.3,46.0,22.0,22.0,0
1917,16.4,33.5,39.0,20.0,20.0,0
1918,19.2,34.5,35.0,19.0,11.0,0
1919,21.3,36.8,33.0,24.0,9.0,0
1920,22.2,34.5,39.0,26.0,7.0,0
1921,23.7,36.4,46.0,24.0,9.0,0
1922,20.4,34.3,69.0,26.0,7.0,1
1923,18.2,33.0,76.0,24.0,13.0,0
1924,21.5,34.6,41.0,26.0,11.0,0
1925,21.2,35.9,43.0,19.0,15.0,0
1926,19.5,35.0,39.0,24.0,11.0,0
1927,20.5,36.1,43.0,30.0,11.0,0
1928,21.1,40.1,48.0,22.0,17.0,0
1929,15.0,35.6,57.0,9.0,24.0,0
1930,18.5,33.3,48.0,24.0,11.0,0
1931,19.7,31.6,52.0,30.0,17.0,0
1932,22.1,33.6,44.0,30.0,11.0,0
1933,23.8,32.5,76.0,28.0,11.0,1
1934,20.5,24.5,48.0,26.0,31.0,1
1935,21.1,32.1,22.0,13.0,9.0,0
1936,23.2,35.5,28.0,15.0,11.0,0
1937,24.4,36.0,57.0,13.0,37.0,1
1938,22.7,34.4,43.0,22.0,9.0,0
1939,21.3,33.4,44.0,20.0,13.0,0
1940,20.3,33.7,41.0,13.0,15.0,0
1941,19.1,33.6,61.0,17.0,13.0,0
1942,20.2,33.6,48.0,24.0,20.0,0
1943,19.6,33.7,44.0,19.0,17.0,0
1944,19.5,35.1,48.0,17.0,17.0,0
1945,21.1,33.4,33.0,22.0,9.0,0
1946,20.4,34.7,52.0,17.0,15.0,0
1947,20.3,35.0,37.0,24.0,7.0,0
1948,22.1,36.8,35.0,17.0,17.0,0
1949,22.8,37.4,33.0,17.0,13.0,0
1950,19.7,36.1,44.0,20.0,15.0,0
1951,19.8,36.1,30.0,19.0,7.0,0
1952,20.0,40.5,31.0,11.0,9.0,0
1953,27.3,37.6,59.0,28.0,22.0,1
1954,20.8,31.9,48.0,11.0,24.0,0
1955,16.1,33.4,54.0,26.0,11.0,0
1956,19.4,25.5,69.0,30.0,39.0,1
1957,16.6,20.0,56.0,24.0,39.0,1
1958,16.9,25.5,37.0,15.0,13.0,0
1959,17.9,28.4,57.0,13.0,39.0,1
1960,17.4,27.9,35.0,24.0,4.0,0
1961,18.5,30.0,52.0,13.0,7.0,0
1962,19.4,31.4,28.0,13.0,15.0,0
1963,19.6,31.8,33.0,11.0,9.0,0
1964,19.7,32.4,48.0,13.0,9.0,0
1965,19.8,32.6,41.0,20.0,9.0,0
1966,19.1,32.1,33.0,17.0,9.0,0
1967,19.6,32.4,30.0,15.0,13.0,0
1968,21.9,31.6,46.0,15.0,7.0,0
1969,17.8,32.8,31.0,24.0,11.0,0
1970,18.6,30.7,37.0,19.0,11.0,0
1971,14.2,33.6,39.0,26.0,15.0,0
1972,16.3,34.6,28.0,13.0,9.0,0
1973,19.3,35.4,33.0,20.0,9.0,0
1974,23.8,34.2,59.0,31.0,9.0,0
1975,10.9,26.2,57.0,26.0,28.0,0
1976,10.5,27.5,31.0,4.0,15.0,0
1977,10.7,30.9,28.0,17.0,9.0,0
1978,14.7,32.6,43.0,20.0,9.0,0
1979,17.9,32.5,50.0,19.0,20.0,0
1980,17.1,31.8,52.0,22.0,19.0,0
1981,16.0,32.5,48.0,22.0,11.0,0
1982,17.6,29.0,41.0,24.0,11.0,0
1983,18.1,31.8,30.0,19.0,11.0,0
1984,17.8,31.7,37.0,15.0,11.0,1
1985,19.9,33.9,43.0,30.0,13.0,0
1986,16.2,28.9,50.0,20.0,30.0,0
1987,11.1,27.6,39.0,11.0,22.0,0
1988,10.5,31.8,37.0,19.0,13.0,0
1989,16.8,33.0,31.0,15.0,11.0,0
1990,17.6,32.8,35.0,15.0,9.0,0
1991,16.6,31.7,52.0,15.0,11.0,0
1992,15.8,31.3,28.0,15.0,9.0,0
1993,15.7,32.7,35.0,13.0,11.0,0
1994,16.8,33.0,37.0,19.0,9.0,0
1995,17.5,31.3,35.0,24.0,6.0,0
1996,15.2,32.3,35.0,20.0,7.0,0
1997,17.2,33.7,46.0,20.0,19.0,0
1998,14.0,30.6,44.0,13.0,13.0,0
1999,14.2,30.9,39.0,11.0,17.0,0
